economy,year,lof_score,predicted_anomaly,crisis_label
ARE,1990,1.5418441141140495,1,0
ARE,1991,1.0855060120932583,0,0
ARE,1992,1.029158463370833,0,0
ARE,1993,1.0669642434916953,0,0
ARE,1994,1.0473133148790157,0,0
ARE,1995,1.0352121186850884,0,0
ARE,1996,1.0403046245245666,0,0
ARE,1997,1.0282264336065186,0,0
ARE,1998,1.0513766959682607,0,0
ARE,1999,1.0768478095782776,0,0
ARE,2000,1.0629212527506708,0,0
ARE,2001,1.1378398444805609,0,0
ARE,2002,1.0597050941195916,0,0
ARE,2003,1.0330921250717873,0,0
ARE,2004,1.084039707028838,0,0
ARE,2005,0.9852338198532484,0,0
ARE,2006,1.0425077595288845,0,0
ARE,2007,1.213522626744652,1,0
ARE,2008,1.2484000734001748,1,0
ARE,2009,1.5296402741856943,1,1
ARE,2010,1.079526994095702,0,0
ARE,2011,0.9960086868988333,0,0
ARE,2012,0.9819834204426103,0,0
ARE,2013,0.9587897823062322,0,0
ARE,2014,0.9614296251992969,0,0
ARE,2015,0.9664954977166567,0,0
ARE,2016,0.9593259257004669,0,0
ARE,2017,1.1520314568004062,0,0
ARE,2018,1.021772949187111,0,0
ARE,2019,1.01356408882672,0,0
ARE,2020,1.5194573908797477,1,1
ARE,2021,1.016473271752917,0,0
ARE,2022,1.0147214923791774,0,0
ARE,2023,1.0250654885350337,0,0
ARE,2024,1.1056773825026869,0,0
ARG,1990,1.6362086714679698,1,1
ARG,1991,1.6606890244964903,1,0
ARG,1992,1.4787531741045368,1,0
ARG,1993,1.2609921382577352,1,0
ARG,1994,1.2722539478565298,1,0
ARG,1995,1.1040958951596953,0,1
ARG,1996,1.1439438529758224,0,1
ARG,1997,1.148114142459591,0,0
ARG,1998,1.1246421624350433,0,0
ARG,1999,1.2191414007648014,1,1
ARG,2000,1.1633565803379633,0,0
ARG,2001,1.0903979738608647,0,1
ARG,2002,1.6042640431996436,1,1
ARG,2003,1.4501311404099035,1,0
ARG,2004,1.1256196298092112,0,0
ARG,2005,1.1764889352309424,0,0
ARG,2006,1.1633525221784846,0,0
ARG,2007,1.0885892278116807,0,0
ARG,2008,1.0499933526052867,0,0
ARG,2009,1.0587347680875088,0,1
ARG,2010,1.2069554580132893,1,0
ARG,2011,1.0337092915502617,0,0
ARG,2012,1.0346285264782051,0,0
ARG,2013,0.9945380785561442,0,0
ARG,2014,1.009389295452976,0,1
ARG,2015,0.9918289243027152,0,0
ARG,2016,1.014025595101144,0,1
ARG,2017,0.9912687401839175,0,0
ARG,2018,1.0251554222191401,0,1
ARG,2019,1.0081150588941532,0,1
ARG,2020,1.0996800887879778,0,1
ARG,2021,1.1282178867872854,0,0
ARG,2022,1.082526242193658,0,0
ARG,2023,1.0386578758936296,0,1
ARG,2024,1.1388678190360753,0,1
AUS,1990,1.034328076486116,0,1
AUS,1991,1.149811964504549,0,1
AUS,1992,1.0506169002561152,0,1
AUS,1993,0.9756263963385539,0,1
AUS,1994,0.9978797480137495,0,1
AUS,1995,0.9950009277344269,0,0
AUS,1996,1.0054075056879692,0,0
AUS,1997,0.9888741751581005,0,0
AUS,1998,0.9842212924969116,0,0
AUS,1999,0.9820484604316618,0,0
AUS,2000,0.9952942669686445,0,0
AUS,2001,1.0289539630671602,0,0
AUS,2002,0.9955384962432697,0,0
AUS,2003,1.0131242337444222,0,0
AUS,2004,1.0557493210299767,0,0
AUS,2005,1.3799353495919677,1,0
AUS,2006,0.9978481297498547,0,0
AUS,2007,1.083005863360953,0,0
AUS,2008,0.9886009677271016,0,0
AUS,2009,0.9898521217446603,0,0
AUS,2010,0.9948775196230126,0,0
AUS,2011,0.9926282909083396,0,0
AUS,2012,0.989672337506305,0,0
AUS,2013,0.9888662487930615,0,0
AUS,2014,0.9765185781492833,0,0
AUS,2015,0.9913584270699995,0,0
AUS,2016,0.9793966320034411,0,0
AUS,2017,0.9854779670878038,0,0
AUS,2018,0.9885415508613041,0,0
AUS,2019,1.092156254038529,0,0
AUS,2020,1.289745426434694,1,0
AUS,2021,1.2610001052993964,1,0
AUS,2022,1.2601733132176263,1,1
AUS,2023,1.1262480197377263,0,0
AUS,2024,1.0339503620075672,0,0
AUT,1990,1.0492222498053716,0,0
AUT,1991,0.993750104266066,0,0
AUT,1992,1.0010356323888225,0,0
AUT,1993,1.0754484491169038,0,0
AUT,1994,1.0031890418201441,0,0
AUT,1995,0.9954148216708667,0,0
AUT,1996,0.9728389909638387,0,0
AUT,1997,0.9874010621530879,0,0
AUT,1998,0.997707282045698,0,0
AUT,1999,0.9950754992377723,0,0
AUT,2000,0.9733402421436599,0,0
AUT,2001,0.9839120074881075,0,0
AUT,2002,0.9567366989419016,0,0
AUT,2003,0.9516327587078471,0,0
AUT,2004,0.960132703431559,0,0
AUT,2005,1.0576201006595913,0,0
AUT,2006,1.0110524439426363,0,0
AUT,2007,1.2403859107397714,1,0
AUT,2008,0.9679201106627657,0,0
AUT,2009,1.1005087847845128,0,1
AUT,2010,1.1869863479037854,0,0
AUT,2011,1.0316700089480724,0,0
AUT,2012,1.0031629003398543,0,0
AUT,2013,1.0556407257103948,0,0
AUT,2014,0.9976921823363089,0,0
AUT,2015,1.0181999133577435,0,0
AUT,2016,1.2569090015850648,1,1
AUT,2017,0.9864505105119805,0,0
AUT,2018,1.2625563720206714,1,0
AUT,2019,1.069206028470259,0,0
AUT,2020,1.1169477444626839,0,1
AUT,2021,1.3102607394467758,1,1
AUT,2022,1.226827693301768,1,1
AUT,2023,1.1704704709739213,0,1
AUT,2024,1.1019220826953608,0,0
BEL,1990,1.0211979504945494,0,0
BEL,1991,1.013794356834529,0,0
BEL,1992,1.020062636825462,0,0
BEL,1993,1.1541341606422906,0,0
BEL,1994,0.9939458632584612,0,1
BEL,1995,1.004192440475635,0,1
BEL,1996,1.020826967856287,0,1
BEL,1997,1.0168435235730624,0,0
BEL,1998,1.0142529527517457,0,1
BEL,1999,1.0348865766364899,0,0
BEL,2000,1.0080972367390841,0,0
BEL,2001,1.0013574243264936,0,0
BEL,2002,1.020234185322155,0,0
BEL,2003,1.104732417802701,0,0
BEL,2004,1.1022347591371229,0,0
BEL,2005,1.127468112388962,0,0
BEL,2006,1.0854770006638643,0,0
BEL,2007,1.0803618031893611,0,0
BEL,2008,1.0059281395731254,0,0
BEL,2009,1.3857700033595632,1,0
BEL,2010,1.0003018374127313,0,0
BEL,2011,1.0152296792298812,0,0
BEL,2012,1.019110984019144,0,0
BEL,2013,0.9808058607051043,0,0
BEL,2014,0.9931952038092694,0,0
BEL,2015,0.989458341799625,0,0
BEL,2016,1.0763981446198798,0,0
BEL,2017,0.9768806330621344,0,0
BEL,2018,0.9994602429444436,0,0
BEL,2019,1.0176406469960206,0,0
BEL,2020,1.3357385909814408,1,1
BEL,2021,1.2982152881275175,1,0
BEL,2022,1.052992837735642,0,1
BEL,2023,1.0209338576433384,0,0
BEL,2024,0.9778392249664496,0,0
BGD,1990,1.0454301754118944,0,0
BGD,1991,1.0141906038091686,0,0
BGD,1992,1.0214915608126596,0,0
BGD,1993,1.0064470735601978,0,0
BGD,1994,0.9956890962685891,0,0
BGD,1995,0.999347202154507,0,0
BGD,1996,1.0000338187672846,0,0
BGD,1997,0.9909036260355748,0,0
BGD,1998,1.0081887880327252,0,0
BGD,1999,1.0081887880327254,0,0
BGD,2000,1.0110838250667664,0,0
BGD,2001,0.9967157929787976,0,0
BGD,2002,1.0341212072259587,0,0
BGD,2003,1.00598972421973,0,0
BGD,2004,1.0241092866960924,0,0
BGD,2005,0.9778271412639526,0,0
BGD,2006,0.9992997787895789,0,0
BGD,2007,0.9924515863252148,0,0
BGD,2008,1.0118788409062565,0,0
BGD,2009,0.9912442860090522,0,0
BGD,2010,0.9912442860090522,0,0
BGD,2011,0.9933211064831319,0,1
BGD,2012,0.9769915298319853,0,0
BGD,2013,0.9803847558817547,0,0
BGD,2014,0.9947679103220887,0,0
BGD,2015,0.9984466698610392,0,0
BGD,2016,1.0281232840803811,0,0
BGD,2017,1.0232887498516146,0,0
BGD,2018,1.0321576743427836,0,0
BGD,2019,1.0512388837456295,0,0
BGD,2020,0.9830344223744196,0,1
BGD,2021,1.0278260037145577,0,1
BGD,2022,0.9932653854243542,0,1
BGD,2023,1.0128488091682988,0,0
BGD,2024,0.9918101631025238,0,0
BRA,1990,1.4382522023134867,1,1
BRA,1991,1.6909748495601353,1,0
BRA,1992,1.3555990903847959,1,0
BRA,1993,1.905917316690187,1,1
BRA,1994,1.8675658657406076,1,1
BRA,1995,0.9821512071304023,0,0
BRA,1996,1.0082098153530528,0,0
BRA,1997,1.002666893116315,0,0
BRA,1998,1.087450744362379,0,0
BRA,1999,1.0842843343110555,0,0
BRA,2000,1.1138636590908526,0,0
BRA,2001,1.017733725455169,0,0
BRA,2002,1.0096165492679556,0,0
BRA,2003,1.0225678354726442,0,0
BRA,2004,1.0942254086279148,0,0
BRA,2005,1.0649292598289783,0,0
BRA,2006,1.066655894550165,0,0
BRA,2007,1.1566379378258451,0,0
BRA,2008,1.0531674320807691,0,0
BRA,2009,1.0119126811436885,0,0
BRA,2010,1.341911119781543,1,0
BRA,2011,0.990140833477167,0,0
BRA,2012,0.9924948762604157,0,0
BRA,2013,0.9776156441347542,0,0
BRA,2014,1.077198079053813,0,0
BRA,2015,1.0719133878979954,0,1
BRA,2016,1.1867027963232846,0,1
BRA,2017,1.232766547144792,1,1
BRA,2018,1.1704281720647474,0,0
BRA,2019,1.1572537240630294,0,0
BRA,2020,1.1792673352810872,0,1
BRA,2021,1.3700746401202313,1,1
BRA,2022,1.1053902265975215,0,0
BRA,2023,1.1472790028045403,0,0
BRA,2024,1.146775823669199,0,0
CAN,1990,1.0421743136892903,0,1
CAN,1991,1.0299708073456892,0,1
CAN,1992,1.0327761946927407,0,1
CAN,1993,1.0438946481916154,0,1
CAN,1994,0.9622165652462595,0,1
CAN,1995,0.9922076489886298,0,0
CAN,1996,1.0148879939451976,0,0
CAN,1997,0.9959145439648868,0,0
CAN,1998,0.9969850929102316,0,0
CAN,1999,1.0005139740056648,0,0
CAN,2000,1.073743375301589,0,0
CAN,2001,1.0477132245070029,0,0
CAN,2002,0.9981177158537811,0,0
CAN,2003,1.0205003112957522,0,0
CAN,2004,1.0142411136569591,0,0
CAN,2005,1.0316485352163047,0,0
CAN,2006,1.046993502965989,0,0
CAN,2007,1.1720358310350283,0,0
CAN,2008,1.0927801057513284,0,0
CAN,2009,1.0897857259054349,0,1
CAN,2010,0.9837034454977533,0,0
CAN,2011,0.990822798621911,0,0
CAN,2012,0.957284940361782,0,0
CAN,2013,0.9650598590116056,0,0
CAN,2014,0.9797469189794203,0,0
CAN,2015,1.0040808901407061,0,0
CAN,2016,0.9865389104691745,0,0
CAN,2017,0.9678209647182756,0,0
CAN,2018,0.9516534770597911,0,0
CAN,2019,0.9830958795303477,0,0
CAN,2020,1.046475416420395,0,1
CAN,2021,1.1492284416599385,0,0
CAN,2022,1.246981841889976,1,1
CAN,2023,1.0866259384771073,0,0
CAN,2024,1.045038611024717,0,0
CHE,1990,1.2920834761233675,1,1
CHE,1991,1.1919161979808996,1,1
CHE,1992,1.0619162099664121,0,0
CHE,1993,1.0306549462073613,0,0
CHE,1994,0.9737553797016775,0,0
CHE,1995,1.015928177670891,0,0
CHE,1996,1.01055589653375,0,0
CHE,1997,1.025582839586382,0,0
CHE,1998,1.0144993425758757,0,0
CHE,1999,1.0002047357195045,0,0
CHE,2000,1.0920026329004828,0,0
CHE,2001,0.9814826966193504,0,0
CHE,2002,1.014577930590335,0,0
CHE,2003,1.058422505349349,0,0
CHE,2004,1.0665748102587713,0,0
CHE,2005,0.9952371339938806,0,0
CHE,2006,1.2984000098634685,1,0
CHE,2007,1.086674495600993,0,0
CHE,2008,1.175489205689676,0,0
CHE,2009,1.4065071952988248,1,1
CHE,2010,1.0647016433792256,0,0
CHE,2011,1.1258243650078348,0,0
CHE,2012,1.1557724930009443,0,0
CHE,2013,1.1183116193549394,0,0
CHE,2014,1.2108287643231492,1,0
CHE,2015,1.2636130777648493,1,0
CHE,2016,1.282823827585356,1,0
CHE,2017,1.3036171862057337,1,0
CHE,2018,1.2779330674253804,1,0
CHE,2019,1.285330178330013,1,0
CHE,2020,1.3215990045658716,1,1
CHE,2021,1.2706757510874287,1,0
CHE,2022,1.1141032307364094,0,0
CHE,2023,1.1948223006628296,1,0
CHE,2024,1.2039606687282798,1,0
CHL,1990,1.0043186039362269,0,1
CHL,1991,1.0201949614405836,0,1
CHL,1992,1.09788808047606,0,0
CHL,1993,1.0221574831312257,0,0
CHL,1994,0.9975437095098506,0,0
CHL,1995,1.0244725091729683,0,0
CHL,1996,1.0351664495971666,0,0
CHL,1997,1.0546577007237117,0,0
CHL,1998,1.0035211921678695,0,0
CHL,1999,1.6766840725825407,1,1
CHL,2000,0.9826394455994611,0,0
CHL,2001,1.04150051104769,0,0
CHL,2002,1.0086501144031683,0,0
CHL,2003,0.9947794405985186,0,0
CHL,2004,1.0597471532496088,0,0
CHL,2005,1.0384989574536045,0,0
CHL,2006,1.0240470819613774,0,0
CHL,2007,1.0211962406363564,0,0
CHL,2008,1.4434737446631907,1,0
CHL,2009,1.7159908268010284,1,1
CHL,2010,1.0534612794365799,0,0
CHL,2011,1.2629778985619518,1,0
CHL,2012,1.2962458090992193,1,0
CHL,2013,1.213464189341632,1,0
CHL,2014,1.2253131683232075,1,0
CHL,2015,1.09986505210393,0,0
CHL,2016,1.0097423075346206,0,0
CHL,2017,0.9958550609985533,0,0
CHL,2018,1.0307234439457678,0,0
CHL,2019,1.1091041602933145,0,0
CHL,2020,1.0539194645900618,0,1
CHL,2021,1.39035609947149,1,0
CHL,2022,1.2439437394538042,1,1
CHL,2023,1.107590090612345,0,0
CHL,2024,0.9875931682603841,0,0
CHN,1990,1.2774851954928976,1,0
CHN,1991,0.9939728188883864,0,0
CHN,1992,1.0794379794286157,0,0
CHN,1993,1.195486397895698,1,1
CHN,1994,1.075534577365389,0,1
CHN,1995,1.0235995069219885,0,1
CHN,1996,1.0057124676686287,0,0
CHN,1997,0.9786078386131785,0,0
CHN,1998,0.9871883432522945,0,0
CHN,1999,0.9993826354396333,0,0
CHN,2000,0.9998321927535218,0,0
CHN,2001,0.9827747759702345,0,0
CHN,2002,0.9786078386131786,0,0
CHN,2003,1.0237932420259945,0,0
CHN,2004,1.2379457285136293,1,0
CHN,2005,1.4387587907119723,1,0
CHN,2006,1.6137288493457245,1,0
CHN,2007,1.768848345298689,1,0
CHN,2008,1.9061410969057786,1,0
CHN,2009,1.7873174535465561,1,0
CHN,2010,1.3904572695753248,1,0
CHN,2011,1.1513698477277374,0,0
CHN,2012,1.0065060001634474,0,0
CHN,2013,0.9725100683113872,0,0
CHN,2014,0.9741855992711266,0,0
CHN,2015,0.9760316613987662,0,0
CHN,2016,0.9690333082276348,0,0
CHN,2017,0.9835933215178766,0,0
CHN,2018,0.9707409492348648,0,0
CHN,2019,0.9842368037764965,0,0
CHN,2020,1.3362552402463153,1,0
CHN,2021,0.9744092365180407,0,0
CHN,2022,1.1633539366543157,0,0
CHN,2023,1.0118945369555636,0,0
CHN,2024,1.0271588830171203,0,0
COL,1990,1.0332973940519306,0,1
COL,1991,1.125481812516101,0,1
COL,1992,1.0267386479498726,0,0
COL,1993,1.0417092816921718,0,0
COL,1994,1.0260180556896912,0,0
COL,1995,0.9990325692186618,0,0
COL,1996,1.0420604829507565,0,0
COL,1997,1.0178815715963612,0,0
COL,1998,1.0957784666341788,0,0
COL,1999,1.18730744639556,0,1
COL,2000,1.2919168491662265,1,1
COL,2001,1.0737961840638792,0,0
COL,2002,1.0859578461543076,0,0
COL,2003,1.0958605380191715,0,0
COL,2004,1.1083565457977664,0,0
COL,2005,1.0592296109630908,0,0
COL,2006,1.0510151575784334,0,0
COL,2007,1.0565333345003274,0,0
COL,2008,1.0244536030764229,0,0
COL,2009,1.1400284212372962,0,0
COL,2010,1.0412966058431434,0,0
COL,2011,1.0596451832582345,0,0
COL,2012,1.0066317984595923,0,0
COL,2013,1.0202467882556028,0,0
COL,2014,1.02608554249865,0,0
COL,2015,1.0370351540844083,0,0
COL,2016,1.0093478006139114,0,0
COL,2017,1.0862661015322153,0,0
COL,2018,1.0441171327470804,0,0
COL,2019,1.0453770246436425,0,0
COL,2020,1.158371009211993,0,1
COL,2021,1.517316280963089,1,0
COL,2022,1.549686252067666,1,0
COL,2023,1.2660042881089368,1,0
COL,2024,1.1859124647252814,0,0
CZE,1991,1.137887612988084,0,1
CZE,1992,1.1402567037690166,0,0
CZE,1993,1.0691009140252707,0,1
CZE,1994,1.2787593530163117,1,0
CZE,1995,1.1534091635162596,0,0
CZE,1996,1.1652787065588894,0,0
CZE,1997,1.3421043745287533,1,0
CZE,1998,1.308127111964869,1,0
CZE,1999,1.1782607223338206,0,1
CZE,2000,1.0166894636236075,0,1
CZE,2001,1.0138448821295394,0,0
CZE,2002,1.0718517259797151,0,0
CZE,2003,1.0901485139923235,0,0
CZE,2004,1.0012860031821476,0,0
CZE,2005,1.0850494796120393,0,0
CZE,2006,1.1244994561929194,0,0
CZE,2007,1.031829148945312,0,0
CZE,2008,1.1118002121086783,0,0
CZE,2009,1.12466684918202,0,1
CZE,2010,0.9824707359789479,0,0
CZE,2011,1.1430378603125122,0,0
CZE,2012,1.1823402711156177,0,0
CZE,2013,1.1736337527488747,0,0
CZE,2014,1.0733139566125813,0,0
CZE,2015,1.0950132570155005,0,0
CZE,2016,0.991489799068459,0,0
CZE,2017,1.001602462823635,0,0
CZE,2018,0.9736895975182766,0,0
CZE,2019,0.9504164516688931,0,0
CZE,2020,1.2017394522462954,1,1
CZE,2021,1.1948885102419287,1,0
CZE,2022,1.205685718501286,1,1
CZE,2023,1.263891821894855,1,0
CZE,2024,1.2177814802675413,1,0
DEU,1990,1.186971548180271,0,0
DEU,1991,1.0370419652062322,0,0
DEU,1992,1.1667286347236039,0,0
DEU,1993,1.2334162055664661,1,0
DEU,1994,1.019891752503845,0,0
DEU,1995,1.0326109068816645,0,0
DEU,1996,1.0165041852745926,0,0
DEU,1997,0.9940962427472885,0,0
DEU,1998,0.9957216924225509,0,0
DEU,1999,0.9875920354726055,0,0
DEU,2000,1.3801078485487188,1,0
DEU,2001,1.0019623254598966,0,0
DEU,2002,1.1061998644951943,0,0
DEU,2003,1.0967344453155938,0,0
DEU,2004,1.0800968560820405,0,1
DEU,2005,1.0695246419308084,0,1
DEU,2006,1.0713761480810375,0,0
DEU,2007,1.0215382173359022,0,0
DEU,2008,0.9964184522869447,0,0
DEU,2009,1.0614179778576156,0,1
DEU,2010,1.0546226458827144,0,0
DEU,2011,1.0368387990050574,0,0
DEU,2012,1.0143380543183749,0,0
DEU,2013,1.0188128738530355,0,0
DEU,2014,0.9794494195744072,0,0
DEU,2015,0.9629675649374356,0,0
DEU,2016,0.961915556669239,0,0
DEU,2017,0.9877619218890106,0,0
DEU,2018,0.9957951974741481,0,0
DEU,2019,1.014644617839192,0,0
DEU,2020,1.2026417877354207,1,1
DEU,2021,1.0696993452752666,0,0
DEU,2022,1.1557319362487526,0,1
DEU,2023,1.07415137711527,0,1
DEU,2024,1.081276615257285,0,0
EGY,1990,1.3953470547602955,1,0
EGY,1991,1.3310843001735586,1,0
EGY,1992,1.2503717268775012,1,0
EGY,1993,1.4718426103572204,1,0
EGY,1994,1.0073306637922361,0,0
EGY,1995,0.9992224039343448,0,0
EGY,1996,0.9890708360838923,0,0
EGY,1997,0.9619720990156122,0,0
EGY,1998,0.9997026671136939,0,0
EGY,1999,1.0171015012080051,0,0
EGY,2000,0.9758274745905995,0,0
EGY,2001,1.027855500425035,0,0
EGY,2002,1.0369521384526152,0,0
EGY,2003,1.1168720437592994,0,0
EGY,2004,1.1890687318788513,1,0
EGY,2005,1.0937963859808972,0,0
EGY,2006,1.153619321418182,0,0
EGY,2007,1.088712517684187,0,0
EGY,2008,1.0241898920191606,0,0
EGY,2009,0.9754656607609696,0,0
EGY,2010,0.9869468118197311,0,0
EGY,2011,1.030651039111626,0,0
EGY,2012,1.0525201207312245,0,1
EGY,2013,1.086864146459474,0,1
EGY,2014,1.1123750805771784,0,1
EGY,2015,1.247563188847188,1,1
EGY,2016,1.2108280022845408,1,0
EGY,2017,1.1271016525185853,0,1
EGY,2018,0.973412182247533,0,0
EGY,2019,0.987617366005788,0,0
EGY,2020,0.9897141616211238,0,0
EGY,2021,0.990790331353527,0,0
EGY,2022,1.043301325754617,0,0
EGY,2023,1.0023482705272846,0,1
EGY,2024,1.7510412214006643,1,1
ESP,1990,1.1422403449152045,0,0
ESP,1991,1.2181924870755332,1,0
ESP,1992,1.0894024938524465,0,0
ESP,1993,1.0734281098620273,0,0
ESP,1994,1.0672571030270166,0,0
ESP,1995,1.117003665528188,0,0
ESP,1996,1.0655500427521243,0,0
ESP,1997,1.035448709570081,0,0
ESP,1998,1.0270389177606705,0,0
ESP,1999,1.066441131835274,0,0
ESP,2000,1.0538741695991332,0,0
ESP,2001,1.0023772697027544,0,0
ESP,2002,1.0232407214390653,0,0
ESP,2003,1.0248920653508302,0,0
ESP,2004,1.02763050294951,0,0
ESP,2005,1.0241164061527006,0,0
ESP,2006,1.1086446278612418,0,0
ESP,2007,1.137803273469811,0,1
ESP,2008,1.2418829083679859,1,1
ESP,2009,1.158076151900998,0,1
ESP,2010,1.1640391295361638,0,0
ESP,2011,1.1409528413506111,0,0
ESP,2012,1.2712212174518769,1,1
ESP,2013,1.147292608904395,0,1
ESP,2014,1.0915287484019813,0,1
ESP,2015,1.1078818595232243,0,0
ESP,2016,1.11406963445625,0,0
ESP,2017,1.3127998708079383,1,0
ESP,2018,1.2427363756161554,1,0
ESP,2019,1.2379494848136932,1,0
ESP,2020,1.1767611238165832,0,1
ESP,2021,1.3038478021879754,1,0
ESP,2022,1.146759401467302,0,1
ESP,2023,1.2829536132595665,1,0
ESP,2024,1.1953643461014736,1,0
FRA,1990,1.0036546064466527,0,0
FRA,1991,0.9635578469884549,0,0
FRA,1992,0.9702480579152644,0,0
FRA,1993,1.096918456023809,0,0
FRA,1994,0.9870420218567182,0,1
FRA,1995,0.9810871292082888,0,0
FRA,1996,0.9825928268817832,0,1
FRA,1997,1.0104359459314698,0,1
FRA,1998,1.0109232374333785,0,1
FRA,1999,1.0565620687102413,0,1
FRA,2000,1.05869853861204,0,0
FRA,2001,1.0052172769194077,0,0
FRA,2002,0.9850536135426768,0,0
FRA,2003,0.9784579071394536,0,0
FRA,2004,0.9960748270735291,0,0
FRA,2005,0.9901109703471829,0,0
FRA,2006,0.9695246427523638,0,0
FRA,2007,0.9735768483942172,0,0
FRA,2008,1.0445297847018342,0,0
FRA,2009,1.119540229428805,0,1
FRA,2010,0.9827872053754858,0,0
FRA,2011,0.962078479956188,0,0
FRA,2012,1.0612870154412057,0,0
FRA,2013,1.009631314894778,0,0
FRA,2014,1.0035704567311023,0,0
FRA,2015,0.9864308875217317,0,0
FRA,2016,0.9942926420053461,0,0
FRA,2017,0.9992431812418351,0,0
FRA,2018,1.0167397573978545,0,0
FRA,2019,0.9859421942027412,0,0
FRA,2020,1.044619212617632,0,1
FRA,2021,1.174189385514051,0,0
FRA,2022,1.1163158565705489,0,1
FRA,2023,1.016477866945871,0,1
FRA,2024,1.037725350790375,0,0
GBR,1990,1.0535840014702094,0,1
GBR,1991,1.042835056163772,0,1
GBR,1992,1.0331514247542244,0,1
GBR,1993,1.0070793884167497,0,1
GBR,1994,0.9853081805620102,0,1
GBR,1995,0.9698310369798084,0,0
GBR,1996,1.0107908978166409,0,0
GBR,1997,1.0179906819579967,0,0
GBR,1998,1.0572485983721176,0,0
GBR,1999,1.0202302102850884,0,0
GBR,2000,1.2076553695778163,1,0
GBR,2001,0.9955240455604848,0,0
GBR,2002,0.9949190067287075,0,0
GBR,2003,1.0112895561085804,0,0
GBR,2004,0.977299865000646,0,0
GBR,2005,1.0546218700088315,0,0
GBR,2006,1.020907384076125,0,0
GBR,2007,0.9632313876043324,0,0
GBR,2008,1.227767487497617,1,0
GBR,2009,1.1213980364361595,0,1
GBR,2010,1.048941877119915,0,0
GBR,2011,1.1046653941578912,0,0
GBR,2012,1.1040683612155915,0,0
GBR,2013,1.1278476122279748,0,0
GBR,2014,1.017949128567867,0,0
GBR,2015,1.0299777302553224,0,0
GBR,2016,1.2814388839741229,1,1
GBR,2017,0.9958685834724843,0,0
GBR,2018,1.0513936443753535,0,0
GBR,2019,1.0442947956867215,0,0
GBR,2020,1.1486751585116524,0,1
GBR,2021,1.23470632536967,1,0
GBR,2022,1.1250810146499595,0,1
GBR,2023,1.0524247160504112,0,1
GBR,2024,1.035022393057302,0,0
GRC,1990,1.182616208222092,0,1
GRC,1991,1.080860547370502,0,1
GRC,1992,1.078755939308378,0,0
GRC,1993,1.158994123361612,0,0
GRC,1994,1.0992312562955915,0,0
GRC,1995,1.125502203570269,0,0
GRC,1996,1.1448226164830502,0,0
GRC,1997,1.0195168915104031,0,0
GRC,1998,1.030836059087481,0,0
GRC,1999,1.0970346368142216,0,0
GRC,2000,1.1059862362057356,0,0
GRC,2001,1.1068541817984436,0,0
GRC,2002,1.06718952266928,0,0
GRC,2003,1.189053674868556,0,0
GRC,2004,1.1540059514447418,0,0
GRC,2005,1.2143710894292032,1,0
GRC,2006,1.2493756873233424,1,0
GRC,2007,1.2293592378671843,1,1
GRC,2008,1.1083578773112197,0,1
GRC,2009,1.3518633659416126,1,1
GRC,2010,1.2999303759441507,1,1
GRC,2011,1.3366151792134509,1,1
GRC,2012,1.4395142454332923,1,1
GRC,2013,1.207445529750086,1,1
GRC,2014,1.1249184686128533,0,1
GRC,2015,1.126976206372976,0,1
GRC,2016,1.1769398503599164,0,1
GRC,2017,1.292965961244408,1,0
GRC,2018,1.194329461229204,1,0
GRC,2019,1.2324508268009027,1,0
GRC,2020,1.2961576811903672,1,1
GRC,2021,1.577214659176276,1,0
GRC,2022,1.60041759996831,1,0
GRC,2023,1.3935409059260242,1,0
GRC,2024,1.2982849558261325,1,0
HUN,1990,1.0734712587439716,0,1
HUN,1991,1.0501175358571762,0,1
HUN,1992,1.0746162246821913,0,1
HUN,1993,1.4349951122702989,1,1
HUN,1994,1.1997210736291715,1,0
HUN,1995,1.293444308677238,1,0
HUN,1996,1.3366266926426307,1,0
HUN,1997,1.0798005760472829,0,0
HUN,1998,0.9984106747419446,0,0
HUN,1999,1.010035761780298,0,0
HUN,2000,1.0069965245619916,0,0
HUN,2001,1.0262362667902623,0,0
HUN,2002,1.0462087105027682,0,0
HUN,2003,1.065730696029786,0,0
HUN,2004,1.072765150718994,0,0
HUN,2005,1.3040174886263518,1,0
HUN,2006,1.174297536855791,0,0
HUN,2007,1.2055375332785574,1,0
HUN,2008,1.1768733929228763,0,0
HUN,2009,1.2706471510373754,1,1
HUN,2010,1.1842632086379952,0,0
HUN,2011,1.2135878999025183,1,0
HUN,2012,1.2721290138152894,1,0
HUN,2013,1.1177873653693822,0,0
HUN,2014,1.2342456409606781,1,0
HUN,2015,1.241893067491056,1,0
HUN,2016,1.0362670043633662,0,0
HUN,2017,1.2719929580562133,1,0
HUN,2018,1.2177840660582708,1,0
HUN,2019,1.1010163436205231,0,0
HUN,2020,1.3348899203440285,1,1
HUN,2021,1.1764191232048478,0,0
HUN,2022,1.558611113535925,1,0
HUN,2023,1.1710743526273304,0,0
HUN,2024,1.1268659974722184,0,0
IDN,1990,1.0526275641707366,0,0
IDN,1991,1.048891768976652,0,0
IDN,1992,1.0386071492831614,0,0
IDN,1993,1.024783203839466,0,0
IDN,1994,1.0092941923946337,0,0
IDN,1995,1.0157776122762656,0,0
IDN,1996,1.0162407753392055,0,0
IDN,1997,1.063803847657336,0,0
IDN,1998,1.9388051399939443,1,1
IDN,1999,1.3261806981719177,1,0
IDN,2000,1.0328133749016486,0,0
IDN,2001,1.0191871211197654,0,0
IDN,2002,1.038447920080905,0,0
IDN,2003,1.0209912136388533,0,0
IDN,2004,1.0227737529557246,0,0
IDN,2005,1.000870031921457,0,1
IDN,2006,1.000870031921457,0,1
IDN,2007,1.000870031921457,0,1
IDN,2008,1.019419108010807,0,0
IDN,2009,1.0195697578104999,0,0
IDN,2010,0.9968920899274503,0,0
IDN,2011,1.0120559053939318,0,0
IDN,2012,1.00011098337343,0,0
IDN,2013,0.9421903676411632,0,0
IDN,2014,0.9712432960509858,0,0
IDN,2015,0.9964573622532823,0,0
IDN,2016,0.997870226605049,0,0
IDN,2017,1.0085496199310047,0,0
IDN,2018,1.004151187759669,0,0
IDN,2019,1.0032637431266302,0,0
IDN,2020,1.715881565994101,1,1
IDN,2021,0.9934687417558024,0,0
IDN,2022,1.0213250946156154,0,0
IDN,2023,1.014965276338661,0,0
IDN,2024,1.015117899273782,0,0
IND,1990,1.026299235418985,0,0
IND,1991,1.250393193116016,1,1
IND,1992,1.0361306542513233,0,0
IND,1993,1.0116476573096016,0,0
IND,1994,1.0226340227096613,0,0
IND,1995,1.04798940305125,0,0
IND,1996,1.1526289037569224,0,0
IND,1997,1.0294158104082922,0,0
IND,1998,1.0170729251013464,0,1
IND,1999,1.056207081408966,0,0
IND,2000,1.0307390640600373,0,0
IND,2001,1.0253792754861724,0,0
IND,2002,1.1001041386930333,0,0
IND,2003,1.0158438943033221,0,0
IND,2004,0.9538665450537431,0,0
IND,2005,0.9848229243226874,0,0
IND,2006,0.9956278904867881,0,0
IND,2007,1.0523931032502738,0,0
IND,2008,1.1174856155804345,0,0
IND,2009,0.9908462638635326,0,0
IND,2010,1.012702724370347,0,0
IND,2011,1.0269454995947638,0,0
IND,2012,1.010251708498527,0,1
IND,2013,0.9555094263394578,0,0
IND,2014,0.9797924330825178,0,0
IND,2015,1.0071419127475285,0,0
IND,2016,1.0114865270888866,0,0
IND,2017,0.9814782093141666,0,0
IND,2018,0.9778167266134494,0,0
IND,2019,1.0634265009967372,0,0
IND,2020,1.2066674913993618,1,1
IND,2021,1.11829557939306,0,0
IND,2022,1.0439138993124035,0,0
IND,2023,1.1748434532909182,0,0
IND,2024,1.083412250695894,0,0
IRL,1990,1.3798313202596444,1,1
IRL,1991,1.6161213318736265,1,1
IRL,1992,1.5758464050070664,1,0
IRL,1993,1.642062643113814,1,0
IRL,1994,1.5189967756891074,1,0
IRL,1995,1.3203939671579676,1,0
IRL,1996,1.2288317242884124,1,0
IRL,1997,1.271233924151713,1,0
IRL,1998,1.0869845611015427,0,0
IRL,1999,1.2224424087177659,1,0
IRL,2000,1.2144195411312637,1,0
IRL,2001,1.3615982846963983,1,0
IRL,2002,1.1186890762743906,0,0
IRL,2003,1.310579372541857,1,0
IRL,2004,1.383953733460061,1,0
IRL,2005,1.0867533179866637,0,0
IRL,2006,1.1596946212877302,0,0
IRL,2007,1.0567368116382938,0,0
IRL,2008,1.2893520298648575,1,1
IRL,2009,1.3967942819409234,1,1
IRL,2010,1.422629552315494,1,0
IRL,2011,1.5969764651132743,1,0
IRL,2012,1.388549684614927,1,0
IRL,2013,1.273893806537204,1,0
IRL,2014,1.4394995958813506,1,0
IRL,2015,1.718879898796624,1,0
IRL,2016,1.5885397520848252,1,0
IRL,2017,1.244974366682403,1,0
IRL,2018,1.277329018548084,1,0
IRL,2019,1.261215653018116,1,1
IRL,2020,1.182601940025339,0,0
IRL,2021,1.4908548294440394,1,0
IRL,2022,1.1168630248464884,0,1
IRL,2023,1.6581735166365852,1,1
IRL,2024,1.115135294308789,0,0
ITA,1990,1.0075515651090738,0,0
ITA,1991,1.0050459522398012,0,0
ITA,1992,1.0970797566399852,0,0
ITA,1993,1.1338315468159352,0,0
ITA,1994,1.0267254840246263,0,0
ITA,1995,1.0547322561859527,0,0
ITA,1996,1.077801669042499,0,0
ITA,1997,1.0801666652776905,0,0
ITA,1998,1.0829367634293028,0,0
ITA,1999,0.9933052617776905,0,0
ITA,2000,1.002854243477662,0,0
ITA,2001,0.9620588149800289,0,0
ITA,2002,0.9603814860299378,0,0
ITA,2003,0.9691368665386566,0,0
ITA,2004,0.9852145911055802,0,0
ITA,2005,1.002539082741318,0,0
ITA,2006,0.9924148470556569,0,0
ITA,2007,0.9745028829554329,0,0
ITA,2008,1.0990003976101073,0,0
ITA,2009,1.0025055054874656,0,1
ITA,2010,1.032077857551649,0,0
ITA,2011,0.9923053893274633,0,0
ITA,2012,1.0264352262028449,0,1
ITA,2013,1.1105356655783734,0,0
ITA,2014,1.0259304630431663,0,1
ITA,2015,1.0370857604873178,0,0
ITA,2016,1.0001838969711672,0,0
ITA,2017,1.0036533620917747,0,0
ITA,2018,1.0327954493839078,0,0
ITA,2019,1.0651539930270366,0,0
ITA,2020,1.0296586124894687,0,1
ITA,2021,1.0902951395468616,0,0
ITA,2022,1.027324972459192,0,1
ITA,2023,1.0679749656103867,0,0
ITA,2024,1.1578421055195716,0,0
JPN,1990,1.0390235748735486,0,0
JPN,1991,0.9962925418171942,0,1
JPN,1992,1.0109444958920761,0,0
JPN,1993,1.0238205053723088,0,0
JPN,1994,1.009514501104815,0,0
JPN,1995,1.0098784208088658,0,0
JPN,1996,0.9870958059770686,0,0
JPN,1997,1.005176387762543,0,0
JPN,1998,1.054063826056624,0,0
JPN,1999,1.0321883944624102,0,0
JPN,2000,0.9823049117728416,0,0
JPN,2001,1.0366215400186434,0,0
JPN,2002,1.0626150348481858,0,1
JPN,2003,1.1023589107867964,0,1
JPN,2004,1.1667304548176523,0,0
JPN,2005,1.1318274340208583,0,0
JPN,2006,1.1088467483019553,0,0
JPN,2007,1.0335450923813734,0,0
JPN,2008,1.098876513474555,0,0
JPN,2009,1.8093215618424068,1,1
JPN,2010,1.2238310808316035,1,0
JPN,2011,1.0051359879172863,0,0
JPN,2012,0.9862026271712561,0,0
JPN,2013,1.0179615675639069,0,0
JPN,2014,0.9800901391713689,0,0
JPN,2015,1.0258618857122248,0,0
JPN,2016,1.0038725864336906,0,0
JPN,2017,1.0126577034093394,0,0
JPN,2018,0.9927703651741725,0,0
JPN,2019,0.9942941363370302,0,0
JPN,2020,1.820463000416415,1,1
JPN,2021,1.0451676757554187,0,0
JPN,2022,0.9739097525228742,0,0
JPN,2023,0.9855066295388047,0,1
JPN,2024,0.9655991561816389,0,0
KEN,1990,1.1656996017213999,0,0
KEN,1991,1.0922340767962857,0,0
KEN,1992,1.1115293351874986,0,0
KEN,1993,1.7733531725069724,1,1
KEN,1994,1.9684249425832223,1,0
KEN,1995,1.5859419540805682,1,1
KEN,1996,1.2767027183207018,1,0
KEN,1997,1.3874149844763441,1,0
KEN,1998,1.2940129539851137,1,1
KEN,1999,1.3155528685018987,1,1
KEN,2000,1.075186034503694,0,0
KEN,2001,1.0800975245837594,0,0
KEN,2002,1.143673637252982,0,0
KEN,2003,1.111394035562475,0,0
KEN,2004,1.0989332861340562,0,0
KEN,2005,1.0873730496493283,0,0
KEN,2006,1.1252409944865747,0,0
KEN,2007,1.1327118828836622,0,0
KEN,2008,1.0859116493538086,0,0
KEN,2009,1.053773704567271,0,0
KEN,2010,1.170196380522458,0,0
KEN,2011,1.1467933584305143,0,0
KEN,2012,1.0909278619881988,0,0
KEN,2013,1.0886684517071497,0,0
KEN,2014,1.16885030662873,0,0
KEN,2015,1.049319803374818,0,0
KEN,2016,0.9795976794770731,0,0
KEN,2017,1.0559210104420689,0,0
KEN,2018,1.0054969116037829,0,0
KEN,2019,1.0235110670661363,0,1
KEN,2020,1.1649896367326,0,1
KEN,2021,1.14248135400954,0,1
KEN,2022,1.0410386806676262,0,1
KEN,2023,1.0754465749181183,0,1
KEN,2024,1.072780909758886,0,1
KOR,1990,0.9772761005776486,0,1
KOR,1991,1.0296131197512026,0,1
KOR,1992,0.9992208344752733,0,0
KOR,1993,1.0259867086197012,0,0
KOR,1994,0.9718830165459551,0,0
KOR,1995,0.9589109046901019,0,0
KOR,1996,0.9889159558973899,0,1
KOR,1997,0.9992101740871584,0,0
KOR,1998,1.672216423920307,1,1
KOR,1999,1.3154183735165772,1,1
KOR,2000,1.0587545567057104,0,0
KOR,2001,0.9933098944045176,0,0
KOR,2002,1.0033970049101253,0,0
KOR,2003,1.0273357995942098,0,0
KOR,2004,1.0261413389331548,0,0
KOR,2005,1.0045037466583264,0,0
KOR,2006,1.0209169612172841,0,0
KOR,2007,1.0300172411863417,0,0
KOR,2008,1.044674861628488,0,0
KOR,2009,1.0633484689255674,0,0
KOR,2010,1.098904321411448,0,0
KOR,2011,1.0728599575794582,0,0
KOR,2012,1.0079153192857568,0,0
KOR,2013,0.9821954106582446,0,0
KOR,2014,0.9734571926925037,0,0
KOR,2015,0.9761657347621613,0,0
KOR,2016,0.9638159430312749,0,0
KOR,2017,0.9783341932192908,0,0
KOR,2018,0.9901933760191663,0,0
KOR,2019,1.0012266979872013,0,0
KOR,2020,1.3412223498544118,1,0
KOR,2021,0.9936985557776735,0,0
KOR,2022,0.9916448808657125,0,0
KOR,2023,0.9785180830347155,0,0
KOR,2024,1.0103542149104103,0,0
LKA,1990,1.0420568356103792,0,1
LKA,1991,1.016013813123107,0,1
LKA,1992,1.038614389918023,0,1
LKA,1993,1.0149055428741691,0,1
LKA,1994,1.0250928204279035,0,1
LKA,1995,1.0350300587579027,0,0
LKA,1996,1.033381696907176,0,0
LKA,1997,1.0281280962846844,0,0
LKA,1998,0.9975456515592287,0,0
LKA,1999,1.0092065865257023,0,0
LKA,2000,1.0389170552113944,0,0
LKA,2001,1.1414072175786845,0,0
LKA,2002,0.9944038615494157,0,0
LKA,2003,1.0224675998603039,0,0
LKA,2004,1.0199916603200925,0,0
LKA,2005,1.0761655800557763,0,0
LKA,2006,1.0235716713146406,0,0
LKA,2007,0.9970438575121522,0,0
LKA,2008,1.0288172969652225,0,1
LKA,2009,0.9864642213401499,0,0
LKA,2010,0.9977226743194315,0,0
LKA,2011,1.0338579186650714,0,0
LKA,2012,1.0142590936376341,0,0
LKA,2013,1.1088339848230777,0,0
LKA,2014,1.0578450094346714,0,0
LKA,2015,1.0516721277438263,0,0
LKA,2016,1.0306263867453298,0,0
LKA,2017,1.0104681588995819,0,0
LKA,2018,1.1236793367359552,0,0
LKA,2019,1.1870257369704769,0,0
LKA,2020,1.2608469024443028,1,1
LKA,2021,1.0401633470381797,0,0
LKA,2022,1.1147541431838495,0,1
LKA,2023,1.194578135368484,1,1
LKA,2024,1.0744125296970222,0,0
MEX,1990,1.01413573411845,0,0
MEX,1991,1.0684688444163304,0,0
MEX,1992,1.1196227000476975,0,1
MEX,1993,1.1378790259590033,0,0
MEX,1994,1.0907955738593802,0,1
MEX,1995,1.0122222421163216,0,1
MEX,1996,1.0895424036464318,0,1
MEX,1997,1.0342286218018657,0,0
MEX,1998,1.030398983684187,0,0
MEX,1999,0.999479892976475,0,0
MEX,2000,1.0061955305955375,0,0
MEX,2001,1.1287200194868592,0,0
MEX,2002,1.073204229871854,0,0
MEX,2003,1.0335592301028178,0,0
MEX,2004,0.9790995396934916,0,0
MEX,2005,0.9815447923787459,0,0
MEX,2006,0.9782485404201664,0,0
MEX,2007,0.9849007053448592,0,0
MEX,2008,0.9946898579900634,0,0
MEX,2009,1.0049675834284013,0,1
MEX,2010,0.9817295888633983,0,0
MEX,2011,0.9709173072037128,0,0
MEX,2012,0.9785443034939924,0,0
MEX,2013,1.0091869975141985,0,0
MEX,2014,0.9843160419315916,0,0
MEX,2015,0.9959849364501621,0,0
MEX,2016,0.9990607548593845,0,0
MEX,2017,0.9923309204700581,0,0
MEX,2018,1.023592229641883,0,0
MEX,2019,1.1064199912904442,0,0
MEX,2020,1.0352131270424088,0,1
MEX,2021,1.0768616856404365,0,0
MEX,2022,1.0465893417592969,0,0
MEX,2023,1.0014438405182413,0,0
MEX,2024,1.0137844495363266,0,0
MYS,1990,1.1988517033482686,1,0
MYS,1991,1.1605187367202592,0,0
MYS,1992,1.1203963170533613,0,0
MYS,1993,1.1741512425875913,0,0
MYS,1994,1.1740085921108556,0,0
MYS,1995,1.1356480513386782,0,0
MYS,1996,1.192883393513004,1,0
MYS,1997,1.1854393968072343,0,0
MYS,1998,1.4641744478939904,1,1
MYS,1999,1.0312820948777384,0,0
MYS,2000,1.0415977900109938,0,0
MYS,2001,1.2709929122805943,1,0
MYS,2002,1.012949373275185,0,0
MYS,2003,1.0111307761443054,0,0
MYS,2004,1.046701657277691,0,0
MYS,2005,1.0229379488799544,0,0
MYS,2006,1.0230340247078158,0,0
MYS,2007,0.9997344255390935,0,0
MYS,2008,1.0179538064699218,0,1
MYS,2009,1.5080029850683396,1,0
MYS,2010,1.234746661065355,1,0
MYS,2011,1.1983003814579292,1,0
MYS,2012,1.0276580433812232,0,0
MYS,2013,0.9887692207377139,0,0
MYS,2014,0.9814939289532646,0,0
MYS,2015,0.9863193123476945,0,0
MYS,2016,0.9763526013263215,0,0
MYS,2017,0.9933991140776088,0,0
MYS,2018,1.0040531599258666,0,0
MYS,2019,1.0022853335904052,0,0
MYS,2020,1.1021592288197437,0,1
MYS,2021,0.9847032497553643,0,1
MYS,2022,1.2872235174398499,1,0
MYS,2023,1.00635937395719,0,0
MYS,2024,0.9974907936043917,0,0
NGA,1990,1.3158851776136973,1,0
NGA,1991,1.125235396437007,0,0
NGA,1992,1.2715862519473524,1,0
NGA,1993,1.1867028487551496,0,1
NGA,1994,1.1592190992748195,0,1
NGA,1995,1.4381071251273276,1,1
NGA,1996,1.4350237901749727,1,0
NGA,1997,1.02310254035957,0,0
NGA,1998,1.2639513472142012,1,0
NGA,1999,1.2071701188295307,1,0
NGA,2000,1.3314599090775556,1,0
NGA,2001,1.289260120702323,1,0
NGA,2002,1.3217758429144917,1,0
NGA,2003,1.2108712966698971,1,0
NGA,2004,1.3819821461269677,1,0
NGA,2005,1.203342450796687,1,0
NGA,2006,1.2554519648726692,1,0
NGA,2007,1.1687021803841913,0,0
NGA,2008,1.1354386508712502,0,0
NGA,2009,1.0999855239145413,0,0
NGA,2010,1.2948057749511153,1,0
NGA,2011,1.2460840994986495,1,0
NGA,2012,1.2654998727083404,1,0
NGA,2013,1.1823991347979899,0,0
NGA,2014,1.0957241911060052,0,0
NGA,2015,1.0898771398472762,0,0
NGA,2016,1.2475756304658803,1,0
NGA,2017,1.1528392291341234,0,0
NGA,2018,1.136953195768177,0,1
NGA,2019,1.0512530420231223,0,1
NGA,2020,1.1224932699632766,0,1
NGA,2021,1.2892614649496634,1,1
NGA,2022,1.3557478766691038,1,0
NGA,2023,1.228228544176163,1,0
NGA,2024,1.2026071374207206,1,0
NLD,1990,1.019020632861188,0,1
NLD,1991,0.9843650386114454,0,1
NLD,1992,0.9653716104837233,0,0
NLD,1993,0.990143870561397,0,0
NLD,1994,0.9991076398386559,0,0
NLD,1995,0.9961569206160495,0,0
NLD,1996,1.0008517332412576,0,0
NLD,1997,1.1010419985351783,0,0
NLD,1998,1.1457545227881099,0,0
NLD,1999,1.2055733395741326,1,0
NLD,2000,1.1179247825941685,0,0
NLD,2001,1.1341464554128038,0,0
NLD,2002,1.2224502495586318,1,0
NLD,2003,1.2671586411324627,1,0
NLD,2004,1.0840971537983664,0,0
NLD,2005,1.0088259962157617,0,0
NLD,2006,1.016677068802519,0,0
NLD,2007,1.029535059244339,0,0
NLD,2008,1.0615941214616704,0,0
NLD,2009,1.3247914787329684,1,1
NLD,2010,1.2563097612981733,1,0
NLD,2011,0.982879174329741,0,0
NLD,2012,1.0321618415323788,0,0
NLD,2013,1.0004420546212975,0,0
NLD,2014,1.222760387382062,1,1
NLD,2015,1.0181211338886311,0,0
NLD,2016,0.9822647835928144,0,0
NLD,2017,1.0462379232513588,0,0
NLD,2018,1.2261993898207093,1,0
NLD,2019,1.1417966381681661,0,0
NLD,2020,1.3138514974379647,1,1
NLD,2021,1.3264355233069565,1,0
NLD,2022,1.0720104731870799,0,1
NLD,2023,1.307464390705398,1,0
NLD,2024,1.053910627794148,0,0
NOR,1990,1.0359378354568407,0,0
NOR,1991,1.041347429178814,0,0
NOR,1992,1.0148801082681644,0,1
NOR,1993,1.0325140144687392,0,1
NOR,1994,1.051904748607776,0,0
NOR,1995,1.0236222634980647,0,1
NOR,1996,1.0582607859608602,0,0
NOR,1997,1.0647447652294046,0,0
NOR,1998,1.2570935538993708,1,0
NOR,1999,1.0878775919919168,0,0
NOR,2000,0.9902041553633174,0,0
NOR,2001,1.0091150480447915,0,0
NOR,2002,1.0194465522683438,0,0
NOR,2003,1.0707131847248434,0,0
NOR,2004,1.0330986046910315,0,0
NOR,2005,0.9758344416703417,0,0
NOR,2006,1.0075010843233088,0,0
NOR,2007,0.9657780639547404,0,0
NOR,2008,0.9872690297376965,0,0
NOR,2009,1.087122376524131,0,0
NOR,2010,0.9907198423666184,0,0
NOR,2011,0.9874717168249546,0,0
NOR,2012,0.963364538710995,0,0
NOR,2013,0.9962018252372026,0,0
NOR,2014,0.9668670197749579,0,0
NOR,2015,1.0030935718625038,0,0
NOR,2016,1.160982062591032,0,0
NOR,2017,1.0825874960664468,0,0
NOR,2018,1.0463864980002155,0,0
NOR,2019,1.1303205819932294,0,0
NOR,2020,1.2791495212435544,1,0
NOR,2021,0.9808199150812088,0,0
NOR,2022,1.2788484367542903,1,1
NOR,2023,1.0629335565840474,0,1
NOR,2024,1.0077161341252665,0,0
NZL,1990,1.0439329858771083,0,1
NZL,1991,1.2586251222883544,1,1
NZL,1992,1.03837733099833,0,1
NZL,1993,1.0650158557216227,0,1
NZL,1994,1.0227219635213536,0,0
NZL,1995,1.0011732219156546,0,0
NZL,1996,1.0156901442707587,0,0
NZL,1997,1.0007693320059219,0,0
NZL,1998,1.0172095774305567,0,0
NZL,1999,1.0122179389895112,0,0
NZL,2000,1.225751619286653,1,0
NZL,2001,1.0227621367434256,0,0
NZL,2002,0.9946314937462318,0,0
NZL,2003,1.206494671975932,1,0
NZL,2004,1.0070359944470948,0,0
NZL,2005,1.0243132152190038,0,0
NZL,2006,1.0267570676025959,0,0
NZL,2007,1.0100541058351358,0,0
NZL,2008,1.0638697569990392,0,1
NZL,2009,1.0811204604880111,0,0
NZL,2010,1.0432459502808054,0,0
NZL,2011,1.043353339856722,0,0
NZL,2012,1.0198845673223287,0,0
NZL,2013,1.0170326701589119,0,0
NZL,2014,0.9954489405501603,0,0
NZL,2015,1.010016411680564,0,0
NZL,2016,1.0028282620861009,0,0
NZL,2017,0.9958465809113332,0,0
NZL,2018,1.0128232988193837,0,0
NZL,2019,1.0071260968119724,0,0
NZL,2020,1.0921055198498961,0,0
NZL,2021,1.2094628272734211,1,0
NZL,2022,1.1743880289550113,0,1
NZL,2023,1.2177536418592025,1,1
NZL,2024,1.1057398371729454,0,0
PAK,1990,0.984862723229685,0,0
PAK,1991,0.9906719341638469,0,0
PAK,1992,1.129664637511081,0,0
PAK,1993,1.1160208002417904,0,0
PAK,1994,1.0001264936323275,0,0
PAK,1995,0.9873315103978101,0,0
PAK,1996,1.0093666080661567,0,0
PAK,1997,1.0536137249674074,0,0
PAK,1998,1.0103011193254914,0,0
PAK,1999,0.9888287295937003,0,0
PAK,2000,1.0573483840652942,0,0
PAK,2001,1.101762055342946,0,0
PAK,2002,1.249490368231731,1,0
PAK,2003,1.1670071792275933,0,0
PAK,2004,1.1725486926641897,0,0
PAK,2005,1.0960878509577918,0,0
PAK,2006,1.0124663619042202,0,0
PAK,2007,0.9791675269047818,0,0
PAK,2008,1.1187233878293623,0,1
PAK,2009,0.9894163373037166,0,0
PAK,2010,1.0169747516213832,0,0
PAK,2011,0.9930642878202409,0,0
PAK,2012,0.9918881827936591,0,0
PAK,2013,0.9843771974103357,0,0
PAK,2014,0.9733358197217623,0,0
PAK,2015,1.004872247230718,0,0
PAK,2016,1.0392595006229974,0,0
PAK,2017,0.9825422019931832,0,0
PAK,2018,1.0230415010708338,0,0
PAK,2019,1.0143055198812814,0,0
PAK,2020,1.025043572495542,0,1
PAK,2021,1.1191044922685327,0,1
PAK,2022,1.0079209866007868,0,1
PAK,2023,1.0613280367980722,0,1
PAK,2024,1.0544190443166486,0,1
PER,1990,1.6634323222068048,1,1
PER,1991,1.8806786664413473,1,0
PER,1992,1.049834994552777,0,0
PER,1993,1.1655061542716216,0,0
PER,1994,1.2186939447416438,1,0
PER,1995,1.3677749530766337,1,1
PER,1996,1.175030994337386,0,0
PER,1997,1.1691822558925522,0,0
PER,1998,1.0734163834798727,0,0
PER,1999,1.033188499260899,0,0
PER,2000,0.9845852963343974,0,0
PER,2001,1.0296349492552082,0,0
PER,2002,1.0746445588851565,0,0
PER,2003,1.0103246469813303,0,0
PER,2004,1.0589779931536778,0,0
PER,2005,1.1658427561664817,0,0
PER,2006,1.0840052334663641,0,0
PER,2007,1.0382572442683917,0,0
PER,2008,1.039352970485208,0,0
PER,2009,1.0337673604407756,0,0
PER,2010,1.003751203836101,0,0
PER,2011,1.0590219695381857,0,0
PER,2012,1.1128654541444685,0,0
PER,2013,1.0569142079190053,0,0
PER,2014,1.0560577961017947,0,0
PER,2015,0.9914510022608773,0,0
PER,2016,1.0217792301773188,0,0
PER,2017,1.0025553636225493,0,0
PER,2018,1.0358553198158504,0,0
PER,2019,1.0415092255723335,0,0
PER,2020,1.0661717621888223,0,1
PER,2021,1.2483015269315678,1,0
PER,2022,1.0117216469503654,0,0
PER,2023,1.0739108180308756,0,0
PER,2024,1.083078116889571,0,0
PHL,1990,1.0903369539839396,0,0
PHL,1991,1.1684315059051218,0,1
PHL,1992,1.1377145505549355,0,0
PHL,1993,1.1645048293376488,0,0
PHL,1994,1.022750241710188,0,0
PHL,1995,1.0203324898305417,0,0
PHL,1996,1.0306056234455967,0,0
PHL,1997,1.1197224113319493,0,0
PHL,1998,1.3290074126557259,1,0
PHL,1999,1.0912020422930073,0,0
PHL,2000,1.0872796405086138,0,0
PHL,2001,1.0329844278450997,0,0
PHL,2002,1.0144067347907886,0,0
PHL,2003,1.0284726656190526,0,0
PHL,2004,0.9814366807551848,0,0
PHL,2005,1.0190635711264096,0,0
PHL,2006,0.9728133705032047,0,0
PHL,2007,0.9704815395524694,0,0
PHL,2008,1.034543896862345,0,0
PHL,2009,1.2873039957780408,1,0
PHL,2010,0.9821445125493525,0,0
PHL,2011,0.9942676262200119,0,0
PHL,2012,0.9604865288338962,0,0
PHL,2013,0.9856313650467694,0,0
PHL,2014,0.975881295931132,0,0
PHL,2015,0.9759462219540394,0,0
PHL,2016,1.0602991324199216,0,0
PHL,2017,1.1178261394929319,0,0
PHL,2018,1.134943187112644,0,0
PHL,2019,1.1022252501488596,0,0
PHL,2020,1.0934175909960362,0,1
PHL,2021,1.050133044631901,0,0
PHL,2022,1.0273045281877002,0,0
PHL,2023,1.0601767358978726,0,0
PHL,2024,1.0489524301876814,0,0
POL,1990,1.4498075869996032,1,1
POL,1991,1.0813692470334944,0,1
POL,1992,1.2593679814015553,1,0
POL,1993,1.2184338834590458,1,0
POL,1994,1.221812409734316,1,0
POL,1995,1.1095613816244312,0,0
POL,1996,1.1006717254429197,0,0
POL,1997,1.0402635750666476,0,0
POL,1998,0.9866806530586201,0,0
POL,1999,1.0270409088565702,0,0
POL,2000,1.0723357070385322,0,0
POL,2001,1.013507058852802,0,1
POL,2002,1.0471971525963997,0,1
POL,2003,1.05541816015812,0,1
POL,2004,1.09168207768291,0,1
POL,2005,1.036691020598004,0,0
POL,2006,1.1154450163000902,0,0
POL,2007,1.1128521786332617,0,0
POL,2008,1.0292746846617347,0,0
POL,2009,1.0937469699043991,0,0
POL,2010,1.1073667215240244,0,0
POL,2011,1.068826972022757,0,0
POL,2012,1.1894607014142473,1,0
POL,2013,1.2254195906840306,1,0
POL,2014,1.0368502901242922,0,0
POL,2015,0.9799980347042512,0,0
POL,2016,1.0220138041174749,0,0
POL,2017,1.0288554164750567,0,0
POL,2018,1.0695677908806895,0,0
POL,2019,1.054617030458695,0,0
POL,2020,1.2121803155688262,1,1
POL,2021,1.173013650643293,0,0
POL,2022,1.0887356939126156,0,0
POL,2023,1.3947018934682387,1,0
POL,2024,1.1608086192741705,0,0
PRT,1990,1.126348471619183,0,1
PRT,1991,1.0705829726290177,0,1
PRT,1992,1.0501304250942618,0,0
PRT,1993,1.1101730154399296,0,1
PRT,1994,0.9901131304753326,0,0
PRT,1995,1.021718320205793,0,0
PRT,1996,0.9909430668192958,0,0
PRT,1997,0.9984344628569863,0,0
PRT,1998,1.0331876208249713,0,0
PRT,1999,1.091438570451822,0,0
PRT,2000,1.1259441690265868,0,0
PRT,2001,1.086331765979439,0,0
PRT,2002,1.0427594333694636,0,0
PRT,2003,1.1942252385325367,1,0
PRT,2004,1.046191455122017,0,0
PRT,2005,1.0369927455375567,0,0
PRT,2006,1.0612052947946045,0,0
PRT,2007,1.0436387176230246,0,0
PRT,2008,1.054369096851234,0,0
PRT,2009,1.2035108767797678,1,1
PRT,2010,1.076534172914804,0,0
PRT,2011,1.2512762356065346,1,1
PRT,2012,1.2863470104169816,1,1
PRT,2013,1.3323151127451855,1,1
PRT,2014,1.3006957436938307,1,1
PRT,2015,1.2495899256968523,1,0
PRT,2016,1.1986613675726567,1,0
PRT,2017,1.1449558808532747,0,0
PRT,2018,1.0953591168198638,0,0
PRT,2019,1.1049370537032743,0,0
PRT,2020,1.0363119241180831,0,1
PRT,2021,1.060370716984384,0,0
PRT,2022,1.1645287036594774,0,0
PRT,2023,1.1379246504426648,0,0
PRT,2024,1.0886647159969423,0,0
ROU,1990,1.6832036335092095,1,1
ROU,1991,1.5278879322379937,1,1
ROU,1992,1.5006847629230682,1,1
ROU,1993,1.6029432233347898,1,1
ROU,1994,1.1394297705103384,0,0
ROU,1995,1.1049320858531728,0,0
ROU,1996,1.0852504285297528,0,0
ROU,1997,1.2015037209436221,1,1
ROU,1998,1.3840586293718793,1,1
ROU,1999,1.3551160069146635,1,0
ROU,2000,1.2126986320834197,1,0
ROU,2001,1.1288479403034444,0,0
ROU,2002,1.1295283750222993,0,0
ROU,2003,1.1971128019233368,1,0
ROU,2004,1.3188504314502958,1,0
ROU,2005,1.1863487222158677,0,0
ROU,2006,1.2922785285467262,1,0
ROU,2007,1.3933836242421154,1,1
ROU,2008,1.411590135845163,1,0
ROU,2009,1.0963296275147911,0,1
ROU,2010,1.221090235864029,1,1
ROU,2011,1.0800176280052962,0,0
ROU,2012,1.1610437741010935,0,0
ROU,2013,1.2116656150037692,1,0
ROU,2014,1.0682820322413307,0,0
ROU,2015,1.051516089267436,0,0
ROU,2016,1.0378869699188347,0,0
ROU,2017,1.084495268186569,0,0
ROU,2018,1.010346361397419,0,0
ROU,2019,1.0661267314266738,0,0
ROU,2020,1.130130443263853,0,1
ROU,2021,1.0508679116188175,0,0
ROU,2022,1.0298590386808553,0,0
ROU,2023,1.0596305196859512,0,0
ROU,2024,1.0310866754545454,0,0
RUS,1990,1.4792435175108385,1,1
RUS,1991,1.386030928486179,1,1
RUS,1992,1.5894676165381543,1,1
RUS,1993,1.2857801617330602,1,1
RUS,1994,1.298721054454896,1,1
RUS,1995,1.1801426639149306,0,1
RUS,1996,1.0783310253290632,0,1
RUS,1997,0.9641018193928023,0,1
RUS,1998,1.0933542609223,0,1
RUS,1999,1.4304259428583472,1,1
RUS,2000,1.3401322504859938,1,0
RUS,2001,1.1079146134712394,0,0
RUS,2002,1.0464381061816161,0,0
RUS,2003,1.0701271277179685,0,0
RUS,2004,1.1339200562275753,0,0
RUS,2005,1.137347624947244,0,0
RUS,2006,1.075915245424735,0,0
RUS,2007,1.0981771111387786,0,0
RUS,2008,1.0303433534027486,0,0
RUS,2009,1.0333493026845955,0,1
RUS,2010,1.0035116798104498,0,0
RUS,2011,1.0076511488590423,0,0
RUS,2012,1.012178157090389,0,0
RUS,2013,1.057452548299178,0,0
RUS,2014,1.1074282579943096,0,0
RUS,2015,1.2010686078742239,1,0
RUS,2016,1.1436170727024546,0,0
RUS,2017,1.0315761006641295,0,0
RUS,2018,0.9916263485798664,0,0
RUS,2019,0.9903586372029973,0,0
RUS,2020,1.2200810126290351,1,1
RUS,2021,1.039378484320754,0,0
RUS,2022,1.477400117402551,1,0
RUS,2023,1.0106638341299279,0,0
RUS,2024,1.0309732015596085,0,0
SAU,1990,1.4191151239402309,1,1
SAU,1991,1.3830720128236027,1,1
SAU,1992,1.2823809934304473,1,1
SAU,1993,1.2641447221668058,1,0
SAU,1994,1.1395450609936508,0,0
SAU,1995,1.2295125760765304,1,0
SAU,1996,1.341198823776279,1,0
SAU,1997,1.2915638598999248,1,0
SAU,1998,1.1462170803298386,0,0
SAU,1999,1.175547761560399,0,0
SAU,2000,1.2137582298584588,1,0
SAU,2001,1.2279999795162897,1,0
SAU,2002,1.166179509446461,0,0
SAU,2003,1.0644338214836975,0,0
SAU,2004,1.3223932816180453,1,0
SAU,2005,1.3082482511467484,1,0
SAU,2006,1.2859349013827919,1,0
SAU,2007,1.297401558748192,1,0
SAU,2008,1.151807941798831,0,1
SAU,2009,1.398041262198446,1,0
SAU,2010,1.5296299087522063,1,0
SAU,2011,1.3080923128650852,1,0
SAU,2012,1.168674273709932,0,0
SAU,2013,1.4392500696415422,1,0
SAU,2014,1.486705285118554,1,0
SAU,2015,1.6587013479109067,1,0
SAU,2016,1.3688042408839332,1,0
SAU,2017,1.0220816418227547,0,0
SAU,2018,1.0334311149135609,0,0
SAU,2019,0.9959302707794262,0,0
SAU,2020,1.1605809583451514,0,1
SAU,2021,1.1078387995942212,0,0
SAU,2022,1.402580617167375,1,0
SAU,2023,1.3295407045144065,1,0
SAU,2024,1.314229550016943,1,0
SGP,1990,1.049321998719565,0,0
SGP,1991,1.0297227685952914,0,0
SGP,1992,1.0391761984340206,0,0
SGP,1993,1.0905125673708134,0,1
SGP,1994,1.0394492633451766,0,0
SGP,1995,0.9989461696042417,0,0
SGP,1996,0.9996293719530618,0,0
SGP,1997,1.0391185733615536,0,0
SGP,1998,1.3705844979237205,1,1
SGP,1999,0.9744238875406059,0,0
SGP,2000,1.0391185733615536,0,0
SGP,2001,1.1305516147054298,0,0
SGP,2002,1.0467115256567838,0,1
SGP,2003,1.1246648812681763,0,1
SGP,2004,1.1197821614805448,0,1
SGP,2005,1.0903798606232302,0,1
SGP,2006,1.1385107726056727,0,0
SGP,2007,1.0986378198439577,0,0
SGP,2008,1.162992693023209,0,1
SGP,2009,1.1132934311479334,0,1
SGP,2010,1.1946007377306298,1,0
SGP,2011,0.9726927181103534,0,0
SGP,2012,0.9288521751967614,0,0
SGP,2013,0.9472821274464398,0,0
SGP,2014,0.9795951322739727,0,0
SGP,2015,1.017911821173917,0,0
SGP,2016,0.9772559550713631,0,0
SGP,2017,0.9718024822698388,0,0
SGP,2018,1.0077495680223103,0,0
SGP,2019,1.0260214952470776,0,0
SGP,2020,1.151725360270723,0,1
SGP,2021,1.3235931586706622,1,0
SGP,2022,1.0030459345625025,0,1
SGP,2023,1.0224435971733241,0,0
SGP,2024,0.9985231063570017,0,0
SWE,1990,1.2647790070537641,1,1
SWE,1991,1.0496143665063902,0,1
SWE,1992,1.1516463316768206,0,1
SWE,1993,1.042435875808732,0,1
SWE,1994,0.9926437017728142,0,0
SWE,1995,1.0481234677491484,0,0
SWE,1996,1.0385319535246034,0,0
SWE,1997,1.0507112973053176,0,1
SWE,1998,1.0463253847272678,0,0
SWE,1999,1.5581144078322615,1,0
SWE,2000,1.1264036157458355,0,0
SWE,2001,1.0884002641121202,0,0
SWE,2002,1.0919194229425992,0,0
SWE,2003,1.0245624143840286,0,0
SWE,2004,1.0294940236433332,0,0
SWE,2005,0.9959883414396927,0,0
SWE,2006,1.0788615799122192,0,0
SWE,2007,1.0523528353451543,0,0
SWE,2008,1.106533064158817,0,0
SWE,2009,1.083164684387152,0,1
SWE,2010,1.0398832188073617,0,0
SWE,2011,0.9936887992608575,0,0
SWE,2012,1.1766068046623506,0,0
SWE,2013,1.0486660897832194,0,0
SWE,2014,0.9984550728071186,0,0
SWE,2015,0.9984508127615657,0,0
SWE,2016,0.9918339520300421,0,0
SWE,2017,1.0261103574717183,0,0
SWE,2018,1.0172518419890142,0,0
SWE,2019,1.0174614272027624,0,0
SWE,2020,1.1339044728673853,0,0
SWE,2021,1.210136265465254,1,0
SWE,2022,1.2783766040766507,1,1
SWE,2023,1.1252533586186886,0,1
SWE,2024,1.1797739710839437,0,0
THA,1990,1.0783095618451068,0,1
THA,1991,1.0875765614035016,0,1
THA,1992,1.0298015370892646,0,0
THA,1993,1.0283192440978297,0,0
THA,1994,1.030456376175351,0,0
THA,1995,1.118670176501347,0,0
THA,1996,1.0908864251085428,0,0
THA,1997,1.582491947290905,1,1
THA,1998,1.3582705391213872,1,1
THA,1999,1.0839388829899175,0,1
THA,2000,1.011565948621254,0,0
THA,2001,1.0288083656211409,0,1
THA,2002,1.008430736361813,0,0
THA,2003,1.0580539846951023,0,0
THA,2004,1.0671655772869517,0,0
THA,2005,1.0949111093834127,0,0
THA,2006,1.0232803018329666,0,0
THA,2007,0.9837728092820193,0,0
THA,2008,1.1121274602299924,0,0
THA,2009,1.2377879780738974,1,0
THA,2010,1.0843337012457712,0,0
THA,2011,1.09034883837106,0,0
THA,2012,1.137627250734891,0,0
THA,2013,1.075425963297289,0,0
THA,2014,1.0539892956417873,0,0
THA,2015,1.001679474458883,0,0
THA,2016,1.0423735906996205,0,0
THA,2017,1.0170039908341355,0,0
THA,2018,1.0259602023057501,0,0
THA,2019,1.042217204983022,0,0
THA,2020,1.2090611231429529,1,1
THA,2021,1.1374208762644114,0,0
THA,2022,1.0860996476664737,0,0
THA,2023,1.0334814213287915,0,1
THA,2024,1.0404314144662092,0,0
TUR,1990,1.0689435125308577,0,0
TUR,1991,1.340975616482982,1,0
TUR,1992,1.2705968570771673,1,0
TUR,1993,1.171279266253133,0,0
TUR,1994,1.0803559577019342,0,1
TUR,1995,1.068251290977525,0,0
TUR,1996,1.0051077226510094,0,0
TUR,1997,1.023786043915799,0,0
TUR,1998,1.2635101567179736,1,0
TUR,1999,1.1284315888104484,0,1
TUR,2000,1.0445920917779217,0,0
TUR,2001,1.0137558166190281,0,1
TUR,2002,1.1098157762250052,0,0
TUR,2003,1.051051512072928,0,0
TUR,2004,1.086315245947308,0,0
TUR,2005,1.0641695526868462,0,0
TUR,2006,1.0098532601585084,0,0
TUR,2007,1.003747603686748,0,0
TUR,2008,1.1125076816126476,0,0
TUR,2009,1.090948384959284,0,1
TUR,2010,1.0715575226260683,0,0
TUR,2011,1.204594033083567,1,1
TUR,2012,0.9744459045617188,0,0
TUR,2013,1.0364046956063766,0,0
TUR,2014,1.035448184489579,0,0
TUR,2015,0.9984742203903734,0,0
TUR,2016,1.0280606504066558,0,0
TUR,2017,1.017051304689104,0,0
TUR,2018,1.0905892863589053,0,0
TUR,2019,1.595752846388975,1,1
TUR,2020,1.2423046988973798,1,1
TUR,2021,1.5974207434042753,1,0
TUR,2022,1.2337437354371636,1,0
TUR,2023,1.0369998984919908,0,0
TUR,2024,1.0255113410291918,0,0
USA,1990,1.0002933304067008,0,0
USA,1991,1.0970420470784943,0,0
USA,1992,0.9945736706089429,0,0
USA,1993,0.9624961441169695,0,0
USA,1994,0.9921333617210919,0,0
USA,1995,0.9785404746189222,0,0
USA,1996,1.0029050001019684,0,0
USA,1997,0.9804747853718083,0,0
USA,1998,0.9792542498329786,0,0
USA,1999,1.00302934345224,0,0
USA,2000,1.0057828767273667,0,0
USA,2001,1.030853648208192,0,0
USA,2002,1.0067235659804914,0,0
USA,2003,0.9796519179820343,0,0
USA,2004,1.0177975913400215,0,0
USA,2005,1.0143405807917596,0,0
USA,2006,0.9981395027254132,0,1
USA,2007,0.9711655723278717,0,0
USA,2008,1.0869731503907185,0,0
USA,2009,1.064762579726245,0,1
USA,2010,1.0744298658338156,0,1
USA,2011,1.0591580618824665,0,1
USA,2012,1.0123075758289233,0,0
USA,2013,0.9898382291226904,0,0
USA,2014,0.9925278784139518,0,0
USA,2015,0.9799253049409391,0,0
USA,2016,0.9705311041959611,0,0
USA,2017,0.9762315651191382,0,0
USA,2018,1.006302879338401,0,0
USA,2019,1.0236222551942111,0,0
USA,2020,1.3639541141984453,1,1
USA,2021,1.5294136027151086,1,0
USA,2022,1.1382161566854818,0,1
USA,2023,1.2098759547785651,1,0
USA,2024,1.4380373108440678,1,0
VNM,1990,1.4703347673443354,1,0
VNM,1991,1.104611755193114,0,0
VNM,1992,1.1198445914383441,0,0
VNM,1993,1.1159151167284587,0,0
VNM,1994,1.1390183298317715,0,0
VNM,1995,1.1398468853122545,0,0
VNM,1996,1.0591623507702548,0,0
VNM,1997,1.0505923363127923,0,1
VNM,1998,1.0371427023819069,0,0
VNM,1999,1.089895965805809,0,0
VNM,2000,0.9805389430818291,0,0
VNM,2001,0.9716490549812683,0,1
VNM,2002,0.9715587043563613,0,0
VNM,2003,1.0378268663773567,0,0
VNM,2004,1.017899129074873,0,0
VNM,2005,1.0032652167741651,0,0
VNM,2006,1.0083915590062695,0,0
VNM,2007,1.1010512891200597,0,0
VNM,2008,1.1354171664239143,0,1
VNM,2009,1.0318446509081767,0,0
VNM,2010,1.0029944349327695,0,0
VNM,2011,0.967195054627607,0,1
VNM,2012,0.9744967381676446,0,0
VNM,2013,0.9741167164632045,0,0
VNM,2014,0.9830774330661866,0,0
VNM,2015,0.9933393578309575,0,0
VNM,2016,0.9998088152277651,0,0
VNM,2017,0.9995973972102992,0,0
VNM,2018,0.9952670341742594,0,0
VNM,2019,1.0025306980982904,0,0
VNM,2020,1.0262651701214618,0,0
VNM,2021,1.187087800604485,0,0
VNM,2022,1.0629077054421727,0,0
VNM,2023,1.0010215781033898,0,0
VNM,2024,1.0160352701349586,0,0
ZAF,1990,1.2995814596048578,1,1
ZAF,1991,1.2675460297591328,1,1
ZAF,1992,1.166686690901464,0,1
ZAF,1993,1.1414140697286805,0,0
ZAF,1994,0.9720206206533628,0,0
ZAF,1995,0.9675578874485223,0,0
ZAF,1996,0.9843219007672304,0,0
ZAF,1997,0.9818556828759475,0,0
ZAF,1998,1.0762205199293309,0,0
ZAF,1999,0.9872137147858726,0,0
ZAF,2000,0.9976901843207594,0,0
ZAF,2001,0.9754759700749807,0,0
ZAF,2002,0.9864979899726494,0,0
ZAF,2003,0.9678567063141577,0,0
ZAF,2004,0.9952323615380939,0,0
ZAF,2005,1.0033466886752973,0,0
ZAF,2006,1.0682186122603343,0,0
ZAF,2007,1.0580859029672236,0,0
ZAF,2008,1.0192919259919866,0,0
ZAF,2009,1.1169685602800432,0,0
ZAF,2010,0.9998974086725185,0,0
ZAF,2011,1.0079421331689573,0,0
ZAF,2012,0.9508753200170681,0,0
ZAF,2013,0.9566806686162097,0,0
ZAF,2014,0.9813920484634435,0,0
ZAF,2015,0.9813920484634432,0,0
ZAF,2016,1.007935547172316,0,0
ZAF,2017,1.0005993593858225,0,0
ZAF,2018,1.0128111911815272,0,0
ZAF,2019,0.9912491577554835,0,0
ZAF,2020,1.6308359380257749,1,1
ZAF,2021,1.7579828006891725,1,1
ZAF,2022,0.9873427223772001,0,1
ZAF,2023,0.9960575065028262,0,1
ZAF,2024,0.9893383894118333,0,1
