economy,year,anomaly_score,predicted_anomaly
ARE,1990,1.6609640628774098,1
ARE,1991,0.4603891218360135,0
ARE,1992,0.4621700433461002,0
ARE,1993,0.4419234100651482,0
ARE,1994,0.5156743097037039,0
ARE,1995,0.49649672981350634,0
ARE,1996,0.4679201993673602,0
ARE,1997,0.5323724129952326,0
ARE,1998,0.36798490238483894,0
ARE,1999,0.36844094954397005,0
ARE,2000,0.6728624995216311,0
ARE,2001,0.33493729214627804,0
ARE,2002,0.32903258806623176,0
ARE,2003,0.500413410408726,0
ARE,2004,0.5903522599790879,0
ARE,2005,0.3965386577981263,0
ARE,2006,0.6735200337200484,0
ARE,2007,0.43367588406933627,0
ARE,2008,0.41774423355435436,0
ARE,2009,1.9299264966145144,1
ARE,2010,1.076507955009963,1
ARE,2011,0.5258912827959707,0
ARE,2012,0.504098647232586,0
ARE,2013,0.5524860415857369,0
ARE,2014,0.5297607413706114,0
ARE,2015,0.5976716058276278,0
ARE,2016,0.5539157776986575,0
ARE,2017,0.5315425516464164,0
ARE,2018,0.47267044703083283,0
ARE,2019,0.4515134742911128,0
ARE,2020,0.9547593482981338,0
ARE,2021,0.5027749924865635,0
ARE,2022,0.6255355082748566,0
ARE,2023,0.5584776368284559,0
ARE,2024,0.5611715641564372,0
ARG,1990,10.966230464823054,1
ARG,1991,1.240504624047976,1
ARG,1992,0.8953939320523919,0
ARG,1993,0.2890922746774449,0
ARG,1994,0.23189927679993788,0
ARG,1995,0.5483993068771544,0
ARG,1996,0.4223367540679971,0
ARG,1997,0.40277974391418087,0
ARG,1998,0.20672297917279114,0
ARG,1999,0.5158670625388534,0
ARG,2000,0.34583522088227125,0
ARG,2001,0.5565145134961094,0
ARG,2002,1.9722617563927634,1
ARG,2003,0.9254233538929776,0
ARG,2004,0.5070023397558107,0
ARG,2005,0.5770293663680622,0
ARG,2006,0.33301149356952064,0
ARG,2007,0.3113423092320859,0
ARG,2008,0.16237106909881466,0
ARG,2009,0.6065919685511824,0
ARG,2010,0.37114810309646723,0
ARG,2011,0.18247638785475848,0
ARG,2012,0.26019047692925446,0
ARG,2013,0.17310691144698764,0
ARG,2014,0.30253341908610965,0
ARG,2015,0.18345195450338223,0
ARG,2016,0.2833652720748349,0
ARG,2017,0.17768726461313628,0
ARG,2018,0.39524819160754415,0
ARG,2019,0.34762705227328905,0
ARG,2020,0.9037658653063426,0
ARG,2021,0.4341482822528745,0
ARG,2022,0.22603979562457685,0
ARG,2023,0.40585390180207936,0
ARG,2024,0.6677837155465234,0
AUS,1990,0.5262787046505977,0
AUS,1991,0.3095212180639027,0
AUS,1992,0.19467791885844804,0
AUS,1993,0.16892604003867395,0
AUS,1994,0.1679034779107825,0
AUS,1995,0.157793193095632,0
AUS,1996,0.1183650768416578,0
AUS,1997,0.16857651202469287,0
AUS,1998,0.11176578219128212,0
AUS,1999,0.14612568499264997,0
AUS,2000,0.11616222083694604,0
AUS,2001,0.08134361618192755,0
AUS,2002,0.12726272381518294,0
AUS,2003,0.17474660275764137,0
AUS,2004,0.24515952303022548,0
AUS,2005,0.2793830960806691,0
AUS,2006,0.2640694745908442,0
AUS,2007,0.3577543891196807,0
AUS,2008,0.32123555121548086,0
AUS,2009,0.278221131244894,0
AUS,2010,0.2914961983879139,0
AUS,2011,0.2917042671345965,0
AUS,2012,0.3404834612820985,0
AUS,2013,0.35754878434814763,0
AUS,2014,0.3227992911228556,0
AUS,2015,0.36820447152434016,0
AUS,2016,0.3905943945991485,0
AUS,2017,0.3672813661927027,0
AUS,2018,0.3838829851752531,0
AUS,2019,0.3453474428848436,0
AUS,2020,0.3384840493467627,0
AUS,2021,0.3698597360763581,0
AUS,2022,0.42387104116053953,0
AUS,2023,0.3825427659948801,0
AUS,2024,0.369296388273591,0
AUT,1990,0.15239456086511355,0
AUT,1991,0.14429912883336524,0
AUT,1992,0.14096582539717356,0
AUT,1993,0.14306782225494827,0
AUT,1994,0.125026428796739,0
AUT,1995,0.1154406051770218,0
AUT,1996,0.12865686054246633,0
AUT,1997,0.1091362786227232,0
AUT,1998,0.08019243801437764,0
AUT,1999,0.2232685918085429,0
AUT,2000,0.08448808532071526,0
AUT,2001,0.1136453419137119,0
AUT,2002,0.11530434005547796,0
AUT,2003,0.10496892266417011,0
AUT,2004,0.08109773471622471,0
AUT,2005,0.6297262311500852,0
AUT,2006,0.09367725337366037,0
AUT,2007,0.30447545182312963,0
AUT,2008,0.13546934159952784,0
AUT,2009,0.24605607545979738,0
AUT,2010,0.2069370872603553,0
AUT,2011,0.07099625468747252,0
AUT,2012,0.1031282781136947,0
AUT,2013,0.13629290209376357,0
AUT,2014,0.10084166447922298,0
AUT,2015,0.1173588424249526,0
AUT,2016,0.2328407607546254,0
AUT,2017,0.061158610004660545,0
AUT,2018,0.2243565670785919,0
AUT,2019,0.15292322345827847,0
AUT,2020,0.4685153325395246,0
AUT,2021,0.10033816610615484,0
AUT,2022,0.15361000357215532,0
AUT,2023,0.15885944462143647,0
AUT,2024,0.12106749196079918,0
BEL,1990,0.09722715351015596,0
BEL,1991,0.10540316810826562,0
BEL,1992,0.11085862867924039,0
BEL,1993,0.16008577204080565,0
BEL,1994,0.12982245625415473,0
BEL,1995,0.13145609396748034,0
BEL,1996,0.1293611600097797,0
BEL,1997,0.12904548120609977,0
BEL,1998,0.12692675809914591,0
BEL,1999,2.1741629928413904,1
BEL,2000,1.2218511935390812,1
BEL,2001,1.261466820350958,1
BEL,2002,0.1375715532808652,0
BEL,2003,0.15494510212053092,0
BEL,2004,0.1416689947162241,0
BEL,2005,0.170486948544035,0
BEL,2006,0.23937054504206207,0
BEL,2007,0.32913866320972784,0
BEL,2008,1.2232697263810062,1
BEL,2009,0.37397001309780137,0
BEL,2010,0.5673915758212674,0
BEL,2011,0.9005069707694112,0
BEL,2012,0.33779422344101273,0
BEL,2013,0.4992101683795113,0
BEL,2014,0.4071144634863374,0
BEL,2015,0.4243769641553163,0
BEL,2016,0.2726210239266943,0
BEL,2017,0.6155249519753976,0
BEL,2018,0.6766660511195043,0
BEL,2019,0.42801857320800024,0
BEL,2020,0.6975832407152909,0
BEL,2021,0.4175357922139485,0
BEL,2022,0.5877104262028977,0
BEL,2023,0.41565497529084044,0
BEL,2024,0.5614441843043446,0
BGD,1990,0.3746970037625664,0
BGD,1991,0.3139429525949582,0
BGD,1992,0.31411494000038753,0
BGD,1993,0.27720253230713277,0
BGD,1994,0.25327676951842387,0
BGD,1995,0.22718712253374915,0
BGD,1996,0.21958220358982564,0
BGD,1997,0.21851785846430713,0
BGD,1998,0.21257325773120567,0
BGD,1999,0.22480400550605717,0
BGD,2000,0.33892257420142,0
BGD,2001,0.4231929868561838,0
BGD,2002,0.6464564170939329,0
BGD,2003,0.5486348056487267,0
BGD,2004,0.6413506891826998,0
BGD,2005,0.6717698618781016,0
BGD,2006,0.7982813454611574,0
BGD,2007,0.8304265425879417,0
BGD,2008,1.102099759489462,1
BGD,2009,1.068347259597059,1
BGD,2010,1.0063540850947283,1
BGD,2011,1.0759270967691028,1
BGD,2012,1.3148283881426652,1
BGD,2013,1.1233497512920052,1
BGD,2014,0.8078141724907787,0
BGD,2015,0.5423244077927591,0
BGD,2016,0.422138474718086,0
BGD,2017,0.3985990671940153,0
BGD,2018,0.4404554572434358,0
BGD,2019,0.45485844883578136,0
BGD,2020,0.6516747291896111,0
BGD,2021,0.5518550959314645,0
BGD,2022,0.41959389918344336,0
BGD,2023,0.4922894399576878,0
BGD,2024,0.6308405856216504,0
BRA,1990,24.277259905441717,1
BRA,1991,2.7459908045794674,1
BRA,1992,11.808928736449488,1
BRA,1993,41.09475319616689,1
BRA,1994,28.41393980130122,1
BRA,1995,0.40054700790043135,0
BRA,1996,0.24057279979398635,0
BRA,1997,0.13943836993902717,0
BRA,1998,0.17800981926760828,0
BRA,1999,0.22318901226616303,0
BRA,2000,0.16905708037227193,0
BRA,2001,0.15415869216360337,0
BRA,2002,0.15408329782215305,0
BRA,2003,0.19394723736659755,0
BRA,2004,0.20771727821523328,0
BRA,2005,0.18521123436835435,0
BRA,2006,0.16062557779813827,0
BRA,2007,0.2325516271967464,0
BRA,2008,0.12292793982415243,0
BRA,2009,0.34212503115600074,0
BRA,2010,0.26545900407698714,0
BRA,2011,0.20433702925144245,0
BRA,2012,0.2851570179848063,0
BRA,2013,0.2525233651494157,0
BRA,2014,0.31410554767562343,0
BRA,2015,0.6567702764375988,0
BRA,2016,0.7889179874835829,0
BRA,2017,0.5850701355007044,0
BRA,2018,0.5287910903991361,0
BRA,2019,0.4594478621671557,0
BRA,2020,0.7081276129848812,0
BRA,2021,0.3227979992245835,0
BRA,2022,0.28652657709009766,0
BRA,2023,0.6839377743375437,0
BRA,2024,0.5835452648431602,0
CAN,1990,0.09554592392159741,0
CAN,1991,0.18569796520800394,0
CAN,1992,0.13640046392027663,0
CAN,1993,0.13248269878401936,0
CAN,1994,0.11953100447718294,0
CAN,1995,0.08446275029184196,0
CAN,1996,0.09598822847784681,0
CAN,1997,0.0790086554384876,0
CAN,1998,0.06165558012708882,0
CAN,1999,0.08659856986560481,0
CAN,2000,0.14152148494347763,0
CAN,2001,0.17162167817075813,0
CAN,2002,0.1091399177147481,0
CAN,2003,0.10302621011039508,0
CAN,2004,0.1263176753736389,0
CAN,2005,0.12702676834694399,0
CAN,2006,0.15704693279639412,0
CAN,2007,0.15714166060324117,0
CAN,2008,0.14686019292186173,0
CAN,2009,0.24269606646804892,0
CAN,2010,0.18312446523322368,0
CAN,2011,0.17518488648387268,0
CAN,2012,0.17747456671090214,0
CAN,2013,0.18144568715268505,0
CAN,2014,0.18073542959990202,0
CAN,2015,0.1861452039972446,0
CAN,2016,0.16915922552298934,0
CAN,2017,0.18445630670836768,0
CAN,2018,0.1783755497021943,0
CAN,2019,0.18334886289585603,0
CAN,2020,0.3375729930251285,0
CAN,2021,0.24029859718465374,0
CAN,2022,0.2276664831542304,0
CAN,2023,0.18593258979843685,0
CAN,2024,0.1706846878233744,0
CHE,1990,0.3850037475507262,0
CHE,1991,0.36912244991456256,0
CHE,1992,0.2927235764492431,0
CHE,1993,0.3147457882168606,0
CHE,1994,0.18654289679454752,0
CHE,1995,0.20781773579966104,0
CHE,1996,0.2121235460688285,0
CHE,1997,0.218060199765338,0
CHE,1998,0.21403770221252316,0
CHE,1999,0.27199698573866643,0
CHE,2000,0.35288363114113974,0
CHE,2001,0.22173026921501382,0
CHE,2002,0.23254337309244957,0
CHE,2003,0.3636696512610864,0
CHE,2004,0.37437643292874007,0
CHE,2005,0.36994119578710316,0
CHE,2006,0.4949622127423215,0
CHE,2007,0.32605463591711686,0
CHE,2008,0.19588531009652083,0
CHE,2009,0.3356890654220821,0
CHE,2010,0.3705321727331934,0
CHE,2011,0.23747120771863195,0
CHE,2012,0.37265737821296796,0
CHE,2013,0.4164376816187122,0
CHE,2014,0.304395558710689,0
CHE,2015,0.6535066605009038,0
CHE,2016,0.9711848723764702,0
CHE,2017,0.9100136423895271,0
CHE,2018,1.1920061784145206,1
CHE,2019,0.9139739299884957,0
CHE,2020,2.6335588644136023,1
CHE,2021,1.723491072171373,1
CHE,2022,0.8237270478454483,0
CHE,2023,0.7178115806964441,0
CHE,2024,0.6555696245872319,0
CHL,1990,0.06002317679257349,0
CHL,1991,0.3555604460354146,0
CHL,1992,0.6599442499534831,0
CHL,1993,0.2570909726070631,0
CHL,1994,0.2941025367247487,0
CHL,1995,0.23535953529836887,0
CHL,1996,0.19534311690922074,0
CHL,1997,0.22278154394073693,0
CHL,1998,0.15382324138362324,0
CHL,1999,0.2373233481875843,0
CHL,2000,0.09248157010820869,0
CHL,2001,0.07134904214368709,0
CHL,2002,0.06281992457177019,0
CHL,2003,0.0573563050358213,0
CHL,2004,0.1483838461857643,0
CHL,2005,0.0902157091550049,0
CHL,2006,0.16551999461745942,0
CHL,2007,0.24249805047072098,0
CHL,2008,0.3396122871151544,0
CHL,2009,0.34418461220780144,0
CHL,2010,0.16597179263738418,0
CHL,2011,0.3074917339361928,0
CHL,2012,0.37021475604240406,0
CHL,2013,0.22732519450099847,0
CHL,2014,0.21607875274461066,0
CHL,2015,0.1714640446037302,0
CHL,2016,0.1555433131138373,0
CHL,2017,0.15603437509018103,0
CHL,2018,0.19842010798025964,0
CHL,2019,0.2643886026574123,0
CHL,2020,0.44719040743194327,0
CHL,2021,0.6570250291787357,0
CHL,2022,0.36822857535198905,0
CHL,2023,0.1615444768203947,0
CHL,2024,0.12177294274224937,0
CHN,1990,0.6529143104776725,0
CHN,1991,0.6940555397687606,0
CHN,1992,1.0951051694811123,1
CHN,1993,1.1535262360365042,1
CHN,1994,0.9640481987263079,0
CHN,1995,0.7918448455552217,0
CHN,1996,0.7141075098199327,0
CHN,1997,0.7719438499533056,0
CHN,1998,0.7273520221916773,0
CHN,1999,0.6386551718113898,0
CHN,2000,0.5783454826476275,0
CHN,2001,0.6309706053930334,0
CHN,2002,0.7360382455578304,0
CHN,2003,0.7809518132584163,0
CHN,2004,0.855323178716711,0
CHN,2005,0.9099478552395651,0
CHN,2006,1.0616354118180884,1
CHN,2007,1.3067145249803862,1
CHN,2008,1.2089290333447005,1
CHN,2009,1.7474564527293175,1
CHN,2010,1.5425379766849348,1
CHN,2011,1.334374157598083,1
CHN,2012,1.2781748418928962,1
CHN,2013,1.3049874247617366,1
CHN,2014,1.2458771284820114,1
CHN,2015,1.0751436916922765,1
CHN,2016,0.9800636956245057,0
CHN,2017,0.9377076858689463,0
CHN,2018,0.8928200652302244,0
CHN,2019,0.8854391867588302,0
CHN,2020,1.0210270175157317,1
CHN,2021,0.9415661872773244,0
CHN,2022,0.903738650972234,0
CHN,2023,0.8644847250813128,0
CHN,2024,0.8518827369995688,0
COL,1990,0.15577528989938397,0
COL,1991,0.2675610486335157,0
COL,1992,0.16547623402891595,0
COL,1993,0.11445988947107352,0
COL,1994,0.12738223097106863,0
COL,1995,0.12144049893068436,0
COL,1996,0.15595430827752912,0
COL,1997,0.17787109445674118,0
COL,1998,0.2530040514560063,0
COL,1999,0.6872393305063698,0
COL,2000,0.6049575165212091,0
COL,2001,0.29998926780786406,0
COL,2002,0.27031619209059465,0
COL,2003,0.21335450245273327,0
COL,2004,0.2520526109989169,0
COL,2005,0.17155855678508775,0
COL,2006,0.16473140862235117,0
COL,2007,0.17603327378781594,0
COL,2008,0.12945367725870935,0
COL,2009,0.1314760133756229,0
COL,2010,0.12218378022924312,0
COL,2011,0.16202651015679262,0
COL,2012,0.08974624024902969,0
COL,2013,0.11471271965424798,0
COL,2014,0.13426844852512357,0
COL,2015,0.18575476640565988,0
COL,2016,0.17625456245350601,0
COL,2017,0.1566708465033868,0
COL,2018,0.14385007678773482,0
COL,2019,0.1870781011265873,0
COL,2020,0.8623275062826196,0
COL,2021,0.5997488295532681,0
COL,2022,0.2920453387579881,0
COL,2023,0.19481637814888286,0
COL,2024,0.18903350108628075,0
CZE,1990,1.1898428712282736,1
CZE,1991,1.19184907634515,1
CZE,1992,0.20088769174535265,0
CZE,1993,0.14089546219668855,0
CZE,1994,0.09340794412444081,0
CZE,1995,0.16832066718888097,0
CZE,1996,0.29547246483451484,0
CZE,1997,0.35399371421938564,0
CZE,1998,0.24140194927942935,0
CZE,1999,0.2245126428347573,0
CZE,2000,0.23535839420610574,0
CZE,2001,0.27552084420978495,0
CZE,2002,0.3499774656582389,0
CZE,2003,0.26198209225258634,0
CZE,2004,0.2408639627056715,0
CZE,2005,0.2299978850138002,0
CZE,2006,0.24319534919205807,0
CZE,2007,0.29141761293827456,0
CZE,2008,0.21748760095863104,0
CZE,2009,0.47453788696993204,0
CZE,2010,0.18920049227158026,0
CZE,2011,0.24273282675356975,0
CZE,2012,0.3114698201979621,0
CZE,2013,0.26233900716957903,0
CZE,2014,0.24483470319619152,0
CZE,2015,0.23785423893234525,0
CZE,2016,0.34654354532935244,0
CZE,2017,0.7939002596714638,0
CZE,2018,0.4902445038539441,0
CZE,2019,0.474618706232538,0
CZE,2020,0.7051334165387683,0
CZE,2021,0.2551320585085026,0
CZE,2022,0.40606718404952413,0
CZE,2023,0.2813061738306086,0
CZE,2024,0.18525111327087745,0
DEU,1990,0.28817023697647115,0
DEU,1991,0.26620402009274924,0
DEU,1992,0.231507686038673,0
DEU,1993,0.2444124277914032,0
DEU,1994,0.16967170080389687,0
DEU,1995,0.16459643876690525,0
DEU,1996,0.15646137780036729,0
DEU,1997,0.1521597228114103,0
DEU,1998,0.1485741747138923,0
DEU,1999,0.17443122361040173,0
DEU,2000,0.24400472878951354,0
DEU,2001,0.13310347392999028,0
DEU,2002,0.19819209611011535,0
DEU,2003,0.22279434754003452,0
DEU,2004,0.2832661126471356,0
DEU,2005,0.2742078295817109,0
DEU,2006,0.2820074649367542,0
DEU,2007,0.2719596205242462,0
DEU,2008,0.2200459747857876,0
DEU,2009,0.4464454332076813,0
DEU,2010,0.2016712954759779,0
DEU,2011,0.19957658797093422,0
DEU,2012,0.2668554915796605,0
DEU,2013,0.2627739084459623,0
DEU,2014,0.2771364702433641,0
DEU,2015,0.3200003971205512,0
DEU,2016,0.3643097025692043,0
DEU,2017,0.3035097062060157,0
DEU,2018,0.32017550203558576,0
DEU,2019,0.28823071515774634,0
DEU,2020,0.40809492011705173,0
DEU,2021,0.19451798086890335,0
DEU,2022,0.1264905874969693,0
DEU,2023,0.24850159195798363,0
DEU,2024,0.22039901060467218,0
EGY,1990,1.330244155547791,1
EGY,1991,1.497174586375795,1
EGY,1992,0.5081238653690731,0
EGY,1993,0.32944223419882407,0
EGY,1994,0.18315716849382674,0
EGY,1995,0.215790827321558,0
EGY,1996,0.4793735018547938,0
EGY,1997,0.6207560841040723,0
EGY,1998,0.38295316482442815,0
EGY,1999,0.2989071840957292,0
EGY,2000,0.3494907661693218,0
EGY,2001,0.2458784589993918,0
EGY,2002,0.24990473809975575,0
EGY,2003,0.23598274405035308,0
EGY,2004,0.18741602344142205,0
EGY,2005,0.16156474267255705,0
EGY,2006,0.23632412278312082,0
EGY,2007,0.16214429280412204,0
EGY,2008,0.11349344695965197,0
EGY,2009,0.2186962416544265,0
EGY,2010,0.13628086237543596,0
EGY,2011,0.1577637001643336,0
EGY,2012,0.21807162418368697,0
EGY,2013,0.2736141310278564,0
EGY,2014,0.3044050735063828,0
EGY,2015,0.2952235682416923,0
EGY,2016,0.3524907228309015,0
EGY,2017,0.22529355031248033,0
EGY,2018,0.12896388514123858,0
EGY,2019,0.12137569867797877,0
EGY,2020,0.12099539864419971,0
EGY,2021,0.15721317777955268,0
EGY,2022,0.15924945140225732,0
EGY,2023,0.1738685534911126,0
EGY,2024,0.5282590477352145,0
ESP,1990,0.29470496583286593,0
ESP,1991,0.2946152855600054,0
ESP,1992,0.32857174817551554,0
ESP,1993,0.6144072886617455,0
ESP,1994,0.7842066295583271,0
ESP,1995,0.6486916909751834,0
ESP,1996,0.6151733422003143,0
ESP,1997,0.5347311598729768,0
ESP,1998,0.398986501119745,0
ESP,1999,0.3995027787840854,0
ESP,2000,0.2199397659595154,0
ESP,2001,0.10155802957895366,0
ESP,2002,0.1908607250907938,0
ESP,2003,0.28231996122691744,0
ESP,2004,0.24225943191956353,0
ESP,2005,0.30564355326372694,0
ESP,2006,0.4654399508965597,0
ESP,2007,0.5353743338092689,0
ESP,2008,0.5190885241872351,0
ESP,2009,0.6429407354521908,0
ESP,2010,0.6728055850055908,0
ESP,2011,0.7436685204836707,0
ESP,2012,0.957526042826212,0
ESP,2013,1.0200058000264853,1
ESP,2014,0.8499695428896812,0
ESP,2015,0.7003244467436411,0
ESP,2016,0.48230539185667404,0
ESP,2017,0.3354412780039215,0
ESP,2018,0.3353592079946256,0
ESP,2019,0.34195371108060324,0
ESP,2020,1.0819293344267613,1
ESP,2021,0.3230209911805539,0
ESP,2022,0.23000217380637422,0
ESP,2023,0.32243224695932554,0
ESP,2024,0.30192316543513337,0
FRA,1990,0.11402424422671759,0
FRA,1991,0.15152686944505228,0
FRA,1992,0.12539079343382117,0
FRA,1993,0.12325114688639556,0
FRA,1994,0.11829995578310924,0
FRA,1995,0.10851359697272321,0
FRA,1996,0.12527219249891092,0
FRA,1997,0.15496047299710097,0
FRA,1998,0.13133339881395595,0
FRA,1999,0.25691377002114185,0
FRA,2000,0.10884749032195226,0
FRA,2001,0.13275326988555816,0
FRA,2002,0.10678528908696408,0
FRA,2003,0.08952910194371358,0
FRA,2004,0.09566584926711734,0
FRA,2005,0.1653820161872794,0
FRA,2006,0.1716474305362322,0
FRA,2007,0.1705999887571887,0
FRA,2008,0.2131876702740801,0
FRA,2009,0.1848654762187066,0
FRA,2010,0.0853089028088564,0
FRA,2011,0.09244048990815931,0
FRA,2012,0.12307080609684887,0
FRA,2013,0.1208263399514745,0
FRA,2014,0.13944780659801526,0
FRA,2015,0.16186436927391643,0
FRA,2016,0.1144081490116934,0
FRA,2017,0.10008150676956785,0
FRA,2018,0.10146674602127229,0
FRA,2019,0.12190949205432504,0
FRA,2020,0.5115309396656635,0
FRA,2021,0.26968559535044756,0
FRA,2022,0.16484128308025175,0
FRA,2023,0.1359352192369993,0
FRA,2024,0.11585081316910685,0
GBR,1990,0.11425885789535974,0
GBR,1991,0.15588981768307444,0
GBR,1992,0.11938843456392807,0
GBR,1993,0.15479688234301853,0
GBR,1994,0.14795596537822836,0
GBR,1995,0.16057310539535058,0
GBR,1996,0.134010978180328,0
GBR,1997,0.22970740513424653,0
GBR,1998,0.16098467742544337,0
GBR,1999,0.16894242441421464,0
GBR,2000,0.23371551808676555,0
GBR,2001,0.19040854926287035,0
GBR,2002,0.19277295537165032,0
GBR,2003,0.297715926776589,0
GBR,2004,0.31312969773226323,0
GBR,2005,0.3370956979755167,0
GBR,2006,0.32200059835989764,0
GBR,2007,0.3979843347436864,0
GBR,2008,0.5228554276112563,0
GBR,2009,0.5949997081649461,0
GBR,2010,0.6157720605096607,0
GBR,2011,0.3737821179434196,0
GBR,2012,0.4433128353113064,0
GBR,2013,0.45102149623014215,0
GBR,2014,0.3783043420544618,0
GBR,2015,0.34586202623182355,0
GBR,2016,0.38401106640851884,0
GBR,2017,0.27623734020210344,0
GBR,2018,0.3477313151230709,0
GBR,2019,0.26808801432634244,0
GBR,2020,0.9137733667816077,0
GBR,2021,0.444466869059207,0
GBR,2022,0.3460818083424385,0
GBR,2023,0.28573531255393053,0
GBR,2024,0.25852865586790424,0
GRC,1990,0.4240959360907513,0
GRC,1991,0.4592402773600841,0
GRC,1992,0.43102160264034073,0
GRC,1993,0.39513417581185095,0
GRC,1994,0.12112080041907229,0
GRC,1995,0.10153476365927133,0
GRC,1996,0.1456186256061311,0
GRC,1997,0.15596620750336335,0
GRC,1998,0.19728535263788022,0
GRC,1999,0.21881368229759887,0
GRC,2000,0.29057620281030727,0
GRC,2001,0.3598208605636162,0
GRC,2002,0.1909052659816487,0
GRC,2003,0.23805899115790757,0
GRC,2004,0.22910158105350262,0
GRC,2005,0.19578412039408413,0
GRC,2006,0.42717598610185786,0
GRC,2007,0.5495565464990203,0
GRC,2008,0.5829891084271798,0
GRC,2009,0.5177301394316269,0
GRC,2010,0.6147552746192048,0
GRC,2011,1.0600511550208191,1
GRC,2012,1.158282292298396,1
GRC,2013,1.1879204000662842,1
GRC,2014,1.1292538406848154,1
GRC,2015,0.9526825925662912,0
GRC,2016,0.8157212738594514,0
GRC,2017,0.7010329393925672,0
GRC,2018,0.5727810017707982,0
GRC,2019,0.46898291185712027,0
GRC,2020,0.8808368847991368,0
GRC,2021,0.635012214958556,0
GRC,2022,0.612888565541109,0
GRC,2023,0.3484368090765743,0
GRC,2024,0.3142748484773707,0
HUN,1990,0.2728026277097484,0
HUN,1991,1.0338691467189476,1
HUN,1992,0.32565206564383664,0
HUN,1993,0.39324234335765024,0
HUN,1994,0.23809645742159077,0
HUN,1995,0.24781328666475141,0
HUN,1996,0.21743155789332436,0
HUN,1997,0.18994460608703748,0
HUN,1998,0.31264332446128734,0
HUN,1999,0.3447780395428789,0
HUN,2000,0.4497528721217176,0
HUN,2001,0.27875300260650965,0
HUN,2002,0.23911138576724855,0
HUN,2003,0.29378410266728444,0
HUN,2004,0.37864986391891453,0
HUN,2005,0.7713475533135004,0
HUN,2006,0.47218734622019737,0
HUN,2007,2.709817427993421,1
HUN,2008,2.3439188658821593,1
HUN,2009,0.7452020114345543,0
HUN,2010,0.955752012673217,0
HUN,2011,0.3018571412926664,0
HUN,2012,0.4021853452373082,0
HUN,2013,0.3985593785839218,0
HUN,2014,0.23920635195271026,0
HUN,2015,0.4222748571205191,0
HUN,2016,2.836851823073124,1
HUN,2017,0.5621835344386732,0
HUN,2018,3.0880936125991876,1
HUN,2019,3.4567295878564366,1
HUN,2020,12.398667981275985,1
HUN,2021,0.5418308263379367,0
HUN,2022,1.057528106294832,1
HUN,2023,2.3650953395575476,1
HUN,2024,1.6695017664644032,1
IDN,1990,0.3764253547429908,0
IDN,1991,0.25037140253068685,0
IDN,1992,0.191993740682446,0
IDN,1993,0.21227503254521995,0
IDN,1994,0.23795371744778335,0
IDN,1995,0.2754215446604449,0
IDN,1996,0.3026328754176371,0
IDN,1997,0.30548353227074854,0
IDN,1998,2.1160063730886414,1
IDN,1999,1.2872416608400425,1
IDN,2000,0.24418859822643513,0
IDN,2001,0.5590142563552082,0
IDN,2002,0.6368064930515638,0
IDN,2003,0.5921265773673006,0
IDN,2004,0.3449777232634111,0
IDN,2005,0.3175930386049827,0
IDN,2006,0.3645040997206566,0
IDN,2007,0.3412279244517516,0
IDN,2008,0.33819433696526824,0
IDN,2009,0.278318984423179,0
IDN,2010,0.3669220571444959,0
IDN,2011,0.4094908611563839,0
IDN,2012,0.44317236414603683,0
IDN,2013,0.3753000571631096,0
IDN,2014,0.37609916704648605,0
IDN,2015,0.35056654450221325,0
IDN,2016,0.27871269476396654,0
IDN,2017,0.30198221204091064,0
IDN,2018,0.5006830668700016,0
IDN,2019,0.3447844607708215,0
IDN,2020,0.5392992291077793,0
IDN,2021,0.4170914322681025,0
IDN,2022,0.7039517094714274,0
IDN,2023,0.5760213625634768,0
IDN,2024,0.503907800555052,0
IND,1990,0.4091502897463499,0
IND,1991,0.47424737317705384,0
IND,1992,0.4230623594409394,0
IND,1993,0.11424521337739879,0
IND,1994,0.1526923334320407,0
IND,1995,0.3103640793446483,0
IND,1996,0.19490659053534218,0
IND,1997,0.3471648184566046,0
IND,1998,0.15685482083352792,0
IND,1999,0.45780778984205395,0
IND,2000,0.22128780434836787,0
IND,2001,0.5043292643704349,0
IND,2002,0.39972067004870604,0
IND,2003,0.33699373946820255,0
IND,2004,0.5544029448277772,0
IND,2005,1.0454468322056896,1
IND,2006,1.1821058647259333,1
IND,2007,1.4238412609895412,1
IND,2008,1.6218676731951513,1
IND,2009,1.013160659407684,1
IND,2010,1.180277962705087,1
IND,2011,1.6675887893944092,1
IND,2012,1.4889002785360654,1
IND,2013,0.941556461326332,0
IND,2014,0.8248638721708882,0
IND,2015,0.41402171765169654,0
IND,2016,0.3296417670396557,0
IND,2017,0.45451765262101584,0
IND,2018,0.6583674507177703,0
IND,2019,0.4721542132378606,0
IND,2020,0.6693358537338199,0
IND,2021,0.35379010791618787,0
IND,2022,0.7360336918455388,0
IND,2023,0.7255332208003473,0
IND,2024,0.7990826997788794,0
IRL,1990,0.5221104684867325,0
IRL,1991,0.49784613355716756,0
IRL,1992,0.6885940793010805,0
IRL,1993,0.8327848448394678,0
IRL,1994,0.7387854525003138,0
IRL,1995,0.6236623191374608,0
IRL,1996,0.3873626152890524,0
IRL,1997,0.5048028262310534,0
IRL,1998,0.34539706442597085,0
IRL,1999,0.5407539898832744,0
IRL,2000,0.7299756249288967,0
IRL,2001,0.4891382767365182,0
IRL,2002,0.6151760636953336,0
IRL,2003,0.2970757209703753,0
IRL,2004,0.4392666503172856,0
IRL,2005,0.5583118135400649,0
IRL,2006,0.3913474580114666,0
IRL,2007,0.6885029817831023,0
IRL,2008,0.7112135141971497,0
IRL,2009,1.0854370423726853,1
IRL,2010,0.6391718345009672,0
IRL,2011,0.5887323780294005,0
IRL,2012,0.9920306925319279,0
IRL,2013,0.9787535214212055,0
IRL,2014,1.5638042508556151,1
IRL,2015,7.231233065073178,1
IRL,2016,1.384367109758755,1
IRL,2017,1.0000125837961364,1
IRL,2018,0.9022863769577202,0
IRL,2019,3.4945368579541287,1
IRL,2020,1.6409201314763981,1
IRL,2021,1.64596778547404,1
IRL,2022,1.5531779337522473,1
IRL,2023,2.558812905394796,1
IRL,2024,1.3833307605853908,1
ITA,1990,0.11412805781833336,0
ITA,1991,0.10798830991528693,0
ITA,1992,0.12071795901739547,0
ITA,1993,0.18736370633270355,0
ITA,1994,0.1672639801599884,0
ITA,1995,0.182602441335696,0
ITA,1996,0.21070722148445745,0
ITA,1997,0.18221006091640124,0
ITA,1998,0.17959702456375579,0
ITA,1999,0.32268942535255263,0
ITA,2000,0.10880900936444993,0
ITA,2001,0.08160465568385657,0
ITA,2002,0.09888419195193852,0
ITA,2003,0.0901910978409048,0
ITA,2004,0.06817388723211461,0
ITA,2005,0.0662051020639464,0
ITA,2006,0.052937612330113154,0
ITA,2007,0.06476709804478491,0
ITA,2008,0.12241368154513897,0
ITA,2009,0.29999055714109785,0
ITA,2010,0.058874341965757686,0
ITA,2011,0.06364165931465718,0
ITA,2012,0.1913968136241924,0
ITA,2013,0.18266596261561557,0
ITA,2014,0.16290468729537116,0
ITA,2015,0.13234061444867423,0
ITA,2016,0.1336943445014682,0
ITA,2017,0.11829920381757776,0
ITA,2018,0.10198123555957979,0
ITA,2019,0.10508665887249823,0
ITA,2020,0.60803532127085,0
ITA,2021,0.2319627748016279,0
ITA,2022,0.034017848356071,0
ITA,2023,0.06198719752106216,0
ITA,2024,0.04070582222833925,0
JPN,1990,0.6956542345876162,0
JPN,1991,0.6938009765097948,0
JPN,1992,0.7226313174208696,0
JPN,1993,0.7667265542555719,0
JPN,1994,0.7046093787213377,0
JPN,1995,0.6712879681939651,0
JPN,1996,0.6563376353108135,0
JPN,1997,0.7264667643357524,0
JPN,1998,0.8198606112089118,0
JPN,1999,0.7317221720704176,0
JPN,2000,0.6148483217294708,0
JPN,2001,0.49463503389162544,0
JPN,2002,0.5080950100847088,0
JPN,2003,0.812934614009507,0
JPN,2004,0.9539518888724389,0
JPN,2005,0.6905207706145929,0
JPN,2006,0.5774262065371668,0
JPN,2007,0.5840359806693133,0
JPN,2008,0.4795401805609147,0
JPN,2009,1.0121524183809782,1
JPN,2010,1.3494497340313716,1
JPN,2011,0.878821033811953,0
JPN,2012,0.9506434979669294,0
JPN,2013,1.0042742439956558,1
JPN,2014,0.759057459945125,0
JPN,2015,0.8882034038918672,0
JPN,2016,0.8114278805971605,0
JPN,2017,0.8033954539197522,0
JPN,2018,0.6104643669484742,0
JPN,2019,0.6300148775980619,0
JPN,2020,1.0172158273594953,1
JPN,2021,1.0490393970001703,1
JPN,2022,0.4701773064186935,0
JPN,2023,0.521740670564008,0
JPN,2024,0.5250975577745165,0
KEN,1990,0.30532179528632525,0
KEN,1991,0.26027510219060246,0
KEN,1992,0.37003533592464904,0
KEN,1993,3.137440996588575,1
KEN,1994,2.020566200016088,1
KEN,1995,1.4308493189751366,1
KEN,1996,0.5752039328805161,0
KEN,1997,1.007980826571854,1
KEN,1998,1.4959324296561116,1
KEN,1999,1.8803059880469584,1
KEN,2000,0.29058936525398427,0
KEN,2001,0.43656686870736744,0
KEN,2002,0.4746302405600766,0
KEN,2003,0.6080568114669285,0
KEN,2004,0.4157804550474877,0
KEN,2005,0.3319371654770771,0
KEN,2006,0.27092453788772464,0
KEN,2007,0.23424365480848203,0
KEN,2008,0.2855588249794403,0
KEN,2009,0.7807573014592412,0
KEN,2010,0.9647251480160806,0
KEN,2011,0.7482361254075155,0
KEN,2012,0.7160962055096277,0
KEN,2013,0.848881776972154,0
KEN,2014,0.7331877086132973,0
KEN,2015,0.780757930141636,0
KEN,2016,0.274099014905605,0
KEN,2017,0.2987271216158536,0
KEN,2018,0.2885581528580348,0
KEN,2019,0.28258411949815243,0
KEN,2020,0.2554281002156895,0
KEN,2021,0.3486116792374354,0
KEN,2022,0.24857509741938796,0
KEN,2023,0.30036063705665816,0
KEN,2024,0.27334371370322014,0
KOR,1990,0.8917575146440103,0
KOR,1991,0.9849247897399241,0
KOR,1992,1.127024565816182,1
KOR,1993,0.9858915177839038,0
KOR,1994,0.673277099603549,0
KOR,1995,0.5711066846005185,0
KOR,1996,0.6184669761920857,0
KOR,1997,0.6873699672145328,0
KOR,1998,1.0714491895842395,1
KOR,1999,0.49289693739819934,0
KOR,2000,0.32206563196050375,0
KOR,2001,0.19504936789127614,0
KOR,2002,0.23063405259241326,0
KOR,2003,0.22267613851071835,0
KOR,2004,0.2585491316008579,0
KOR,2005,0.2419966293609047,0
KOR,2006,0.23963972105149886,0
KOR,2007,0.26068108653306366,0
KOR,2008,0.313515196639917,0
KOR,2009,0.2986455992315914,0
KOR,2010,0.315019591667392,0
KOR,2011,0.3479558251625066,0
KOR,2012,0.33532928294189934,0
KOR,2013,0.3396407307225002,0
KOR,2014,0.3332884796523652,0
KOR,2015,0.37074111057073,0
KOR,2016,0.3653454466083819,0
KOR,2017,0.3627188469827619,0
KOR,2018,0.3484074155843503,0
KOR,2019,0.3228857505423724,0
KOR,2020,0.4777276272141625,0
KOR,2021,0.37923018780529866,0
KOR,2022,0.3799497056109906,0
KOR,2023,0.36374719842903175,0
KOR,2024,0.3936643634100454,0
LKA,1990,0.49648285541625303,0
LKA,1991,0.6957502082060584,0
LKA,1992,0.6928266526116775,0
LKA,1993,0.5450228345974325,0
LKA,1994,0.4929746984022794,0
LKA,1995,0.2793890369968881,0
LKA,1996,0.1656800131166179,0
LKA,1997,0.15330700377293563,0
LKA,1998,0.15919450162415222,0
LKA,1999,0.2873837472176314,0
LKA,2000,0.24091668970983596,0
LKA,2001,0.2899402077825247,0
LKA,2002,0.09451344094137692,0
LKA,2003,0.11001009948684036,0
LKA,2004,0.11254522516016532,0
LKA,2005,0.11602582568233079,0
LKA,2006,0.18319971803014143,0
LKA,2007,0.13502814125271217,0
LKA,2008,0.2676035252849736,0
LKA,2009,0.07396514251443083,0
LKA,2010,0.15674100799766297,0
LKA,2011,0.22907012461230675,0
LKA,2012,0.23017726498992483,0
LKA,2013,0.3941951779069661,0
LKA,2014,0.5168170827016473,0
LKA,2015,1.0639262281177102,1
LKA,2016,1.5528359209684726,1
LKA,2017,2.1483809895667103,1
LKA,2018,2.1979310006932042,1
LKA,2019,1.4206992330456711,1
LKA,2020,1.879251525830668,1
LKA,2021,1.5035169117219347,1
LKA,2022,0.8366864987017185,0
LKA,2023,0.2873521874066948,0
LKA,2024,0.14440234349520598,0
MEX,1990,0.20308566818404075,0
MEX,1991,0.18242584553766653,0
MEX,1992,0.21041746570348627,0
MEX,1993,0.2257246005541587,0
MEX,1994,0.23149254738740796,0
MEX,1995,0.6502336578522393,0
MEX,1996,0.2711310454405416,0
MEX,1997,0.2618243976765859,0
MEX,1998,0.24453469596917993,0
MEX,1999,0.26798237693829435,0
MEX,2000,0.259031071727768,0
MEX,2001,0.36596241113278594,0
MEX,2002,0.30850709778636315,0
MEX,2003,0.22757259441505676,0
MEX,2004,0.1689061264042128,0
MEX,2005,0.18595521078854962,0
MEX,2006,0.1666187619507483,0
MEX,2007,0.15548438293112907,0
MEX,2008,0.1696545281374688,0
MEX,2009,0.5169045062721497,0
MEX,2010,0.11168224968340827,0
MEX,2011,0.10463515001303814,0
MEX,2012,0.11118446010354319,0
MEX,2013,0.1499711284110747,0
MEX,2014,0.18878605860142983,0
MEX,2015,0.1343513031721418,0
MEX,2016,0.13500014598917992,0
MEX,2017,0.1343467175894523,0
MEX,2018,0.1409718419191413,0
MEX,2019,0.20060945266584534,0
MEX,2020,0.7811013126914212,0
MEX,2021,0.2689625057705709,0
MEX,2022,0.2424343533237521,0
MEX,2023,0.17617166142064736,0
MEX,2024,0.20450793441661994,0
MYS,1990,0.3043832374527107,0
MYS,1991,0.716223454609139,0
MYS,1992,0.4292579536387537,0
MYS,1993,0.6325988797373735,0
MYS,1994,0.855715107000124,0
MYS,1995,1.2789765212807698,1
MYS,1996,0.8906519077640916,0
MYS,1997,1.0422063354521112,1
MYS,1998,1.257217576275937,1
MYS,1999,1.029605444514746,1
MYS,2000,1.0021226085588106,1
MYS,2001,0.6789494296337977,0
MYS,2002,0.9037984579130816,0
MYS,2003,0.9060239413224491,0
MYS,2004,1.168640365903283,1
MYS,2005,0.5930524868724745,0
MYS,2006,0.6021134683306781,0
MYS,2007,0.5130850906584145,0
MYS,2008,0.5798471636291883,0
MYS,2009,0.6638513289757524,0
MYS,2010,0.500890416640029,0
MYS,2011,0.3775461887024051,0
MYS,2012,0.5330108944603512,0
MYS,2013,0.5581348147870066,0
MYS,2014,0.6151777813760642,0
MYS,2015,0.5069660800720478,0
MYS,2016,0.3768292049906739,0
MYS,2017,0.4915306474811973,0
MYS,2018,0.6823435546431023,0
MYS,2019,0.9795342054585173,0
MYS,2020,0.5685414602973835,0
MYS,2021,0.7767046557875401,0
MYS,2022,0.9878282945374596,0
MYS,2023,0.905735607757004,0
MYS,2024,1.085672609478434,1
NGA,1990,0.5723551372574361,0
NGA,1991,0.24246703354019156,0
NGA,1992,0.276941015408849,0
NGA,1993,0.31924032376788125,0
NGA,1994,0.38058195674119644,0
NGA,1995,0.257930743503145,0
NGA,1996,0.23950484987891107,0
NGA,1997,0.5881635635069752,0
NGA,1998,0.6888882760200239,0
NGA,1999,1.4006616078610583,1
NGA,2000,0.5410355749435724,0
NGA,2001,0.18121004198481416,0
NGA,2002,0.7936836609929722,0
NGA,2003,0.2541943917471605,0
NGA,2004,0.6624656574442522,0
NGA,2005,1.9134727301504233,1
NGA,2006,0.9689575371549531,0
NGA,2007,0.45881505162009406,0
NGA,2008,0.38294016626512173,0
NGA,2009,0.4056169694365683,0
NGA,2010,0.413551463934196,0
NGA,2011,0.3566809667888895,0
NGA,2012,0.3173951039687093,0
NGA,2013,0.2914689610945696,0
NGA,2014,0.24124896575057048,0
NGA,2015,0.24942216887682309,0
NGA,2016,0.43015051920135183,0
NGA,2017,0.28451846921255164,0
NGA,2018,0.24095637881655876,0
NGA,2019,0.3308519409947156,0
NGA,2020,0.8655924369395752,0
NGA,2021,0.2759363214052535,0
NGA,2022,0.23067285979349367,0
NGA,2023,0.2600163087801027,0
NGA,2024,0.5045661773181997,0
NLD,1990,0.06644016621071537,0
NLD,1991,0.07027027020435911,0
NLD,1992,0.07479195980640185,0
NLD,1993,0.0803052125332459,0
NLD,1994,0.08809994830484372,0
NLD,1995,0.11337053996345656,0
NLD,1996,0.10419102911203924,0
NLD,1997,0.15646941635450654,0
NLD,1998,0.14110357920181404,0
NLD,1999,0.2205891317105269,0
NLD,2000,0.291090725574482,0
NLD,2001,0.24581874546246713,0
NLD,2002,0.21341825406013204,0
NLD,2003,0.22206255024760954,0
NLD,2004,0.5107884420854061,0
NLD,2005,0.9214077010132863,0
NLD,2006,2.6419722437638344,1
NLD,2007,7.832528491740393,1
NLD,2008,0.4569869237199314,0
NLD,2009,0.7441370756051876,0
NLD,2010,0.2502059492955427,0
NLD,2011,1.5133347260403789,1
NLD,2012,1.01713602197196,1
NLD,2013,1.348517874846211,1
NLD,2014,0.4188926215847148,0
NLD,2015,2.2046347912160655,1
NLD,2016,1.1699279177049058,1
NLD,2017,0.6087836742414235,0
NLD,2018,2.157161437392904,1
NLD,2019,0.882363270130613,0
NLD,2020,1.558310301454485,1
NLD,2021,0.8746653087537432,0
NLD,2022,0.48727978155451834,0
NLD,2023,2.144704252985948,1
NLD,2024,0.42968583898392926,0
NOR,1990,0.142411339316195,0
NOR,1991,0.13343628192848297,0
NOR,1992,0.13946661894088674,0
NOR,1993,0.10760057353135646,0
NOR,1994,0.13064264992506047,0
NOR,1995,0.10337899358922402,0
NOR,1996,0.1975681901590961,0
NOR,1997,0.18689420309135035,0
NOR,1998,0.1822945181592395,0
NOR,1999,0.16407913002953592,0
NOR,2000,0.515344603579445,0
NOR,2001,0.57838204390982,0
NOR,2002,0.4202617999751886,0
NOR,2003,0.42262152950869275,0
NOR,2004,0.4438207756040612,0
NOR,2005,0.589155034565213,0
NOR,2006,0.7481063830961809,0
NOR,2007,0.7805981156697721,0
NOR,2008,1.2758667585867127,1
NOR,2009,0.550834247475888,0
NOR,2010,0.5629153718129857,0
NOR,2011,0.8162196593547971,0
NOR,2012,0.833645963862396,0
NOR,2013,0.8141122279187881,0
NOR,2014,0.6934545967276342,0
NOR,2015,0.38048799917776793,0
NOR,2016,0.4056878946396771,0
NOR,2017,0.3568784093349422,0
NOR,2018,0.41026339613610546,0
NOR,2019,0.38896428565666,0
NOR,2020,0.5260983155319744,0
NOR,2021,0.620555576057682,0
NOR,2022,1.9924878696987502,1
NOR,2023,1.066112254256954,1
NOR,2024,0.996417665261169,0
NZL,1990,0.22877654040418716,0
NZL,1991,0.33277152697609585,0
NZL,1992,0.3356060752427618,0
NZL,1993,0.39730292948499085,0
NZL,1994,0.35221648843903536,0
NZL,1995,0.3302726880840132,0
NZL,1996,0.24383243102367722,0
NZL,1997,0.1699216884054311,0
NZL,1998,0.18576476057049945,0
NZL,1999,0.28357146053907195,0
NZL,2000,0.34762117743796483,0
NZL,2001,0.17216248733167408,0
NZL,2002,0.3166997990526217,0
NZL,2003,0.27569415872768277,0
NZL,2004,0.23489081543891802,0
NZL,2005,0.3676371170073595,0
NZL,2006,0.5187921848532006,0
NZL,2007,0.37106672275582936,0
NZL,2008,0.3566686326318578,0
NZL,2009,0.2463234007975093,0
NZL,2010,0.28266334371408763,0
NZL,2011,0.27701870534631523,0
NZL,2012,0.21561502327223778,0
NZL,2013,0.2348959394938964,0
NZL,2014,0.23262184038993114,0
NZL,2015,0.24747950269584817,0
NZL,2016,0.26948945544828434,0
NZL,2017,0.2675404199604559,0
NZL,2018,0.30501279705964035,0
NZL,2019,0.2989029485252777,0
NZL,2020,0.32706053760472903,0
NZL,2021,0.4204371380323474,0
NZL,2022,0.4854150094042413,0
NZL,2023,0.36536086841275894,0
NZL,2024,0.342621858313686,0
PAK,1990,0.32408602268139763,0
PAK,1991,0.3319028906896041,0
PAK,1992,0.359229685311744,0
PAK,1993,0.3165609547935108,0
PAK,1994,0.2627067631180687,0
PAK,1995,0.3104391552326788,0
PAK,1996,0.34307518152812744,0
PAK,1997,0.3598908023721849,0
PAK,1998,0.3366550013872529,0
PAK,1999,0.3758461576558413,0
PAK,2000,0.4781524168047246,0
PAK,2001,0.45776145920057854,0
PAK,2002,0.4927916124952725,0
PAK,2003,0.4776677249188059,0
PAK,2004,0.4645546760316468,0
PAK,2005,0.47680455822316437,0
PAK,2006,0.36205051198133986,0
PAK,2007,0.4240903947604064,0
PAK,2008,0.3993792673483942,0
PAK,2009,0.3548882988118871,0
PAK,2010,0.3584624733331949,0
PAK,2011,0.3913735643637396,0
PAK,2012,0.2845405392800602,0
PAK,2013,0.3430924165607464,0
PAK,2014,0.3549909309745372,0
PAK,2015,0.277509177171293,0
PAK,2016,0.36022457239271233,0
PAK,2017,0.2991079055579981,0
PAK,2018,0.31999568856302457,0
PAK,2019,0.2582802538947169,0
PAK,2020,0.30875127359386373,0
PAK,2021,0.2938929668392952,0
PAK,2022,0.29603539509153076,0
PAK,2023,0.35521575526591387,0
PAK,2024,0.32544715010515707,0
PER,1990,82.8308223270759,1
PER,1991,1.1589727585326208,1
PER,1992,0.3123535788146345,0
PER,1993,0.41071591887334286,0
PER,1994,0.6966872654191535,0
PER,1995,0.3229739267197616,0
PER,1996,0.32199831441526966,0
PER,1997,0.27514171272212906,0
PER,1998,0.3119858412687424,0
PER,1999,0.22735003595501108,0
PER,2000,0.2695898653647374,0
PER,2001,0.3129137361406993,0
PER,2002,0.6131397168420729,0
PER,2003,0.5466886730128466,0
PER,2004,0.5672744033104777,0
PER,2005,0.40387819442486805,0
PER,2006,0.23950882697618814,0
PER,2007,0.24012380914063644,0
PER,2008,0.25050849494841215,0
PER,2009,0.26431020777022884,0
PER,2010,0.3596301541473367,0
PER,2011,0.18670016587246577,0
PER,2012,0.2944049375250262,0
PER,2013,0.305944587615555,0
PER,2014,0.3186027988806666,0
PER,2015,0.3678056633716317,0
PER,2016,0.4611201512319535,0
PER,2017,0.3425180329576072,0
PER,2018,0.3135961222563742,0
PER,2019,0.34709798203201725,0
PER,2020,1.4684423943983187,1
PER,2021,0.8374569727042283,0
PER,2022,0.21647553296942806,0
PER,2023,0.23198375128202525,0
PER,2024,0.1875659203712552,0
PHL,1990,0.37829342111733555,0
PHL,1991,0.48480649401535625,0
PHL,1992,0.43256676632544905,0
PHL,1993,0.3193897110829034,0
PHL,1994,0.278044468976971,0
PHL,1995,0.27950896985757395,0
PHL,1996,0.3785864435601674,0
PHL,1997,0.26901943700160863,0
PHL,1998,0.40958581131550614,0
PHL,1999,2.163527243176369,1
PHL,2000,1.844878768281399,1
PHL,2001,1.2644892459700814,1
PHL,2002,0.8513348904492491,0
PHL,2003,0.9577649965221257,0
PHL,2004,0.6820667528195731,0
PHL,2005,1.0793961723028296,1
PHL,2006,0.9245801131434046,0
PHL,2007,0.9776810871490887,0
PHL,2008,1.0611954743096583,1
PHL,2009,0.9296076277522113,0
PHL,2010,0.967339141316226,0
PHL,2011,0.7669628091336192,0
PHL,2012,0.8546454848137334,0
PHL,2013,0.620930267974928,0
PHL,2014,0.6327785521605672,0
PHL,2015,0.5944002498478065,0
PHL,2016,0.4552806637711233,0
PHL,2017,0.42358093449179535,0
PHL,2018,0.33011104337563935,0
PHL,2019,0.18029062942952098,0
PHL,2020,1.0675855617340322,1
PHL,2021,0.7810580334923488,0
PHL,2022,0.41801298557491456,0
PHL,2023,0.33053756296941955,0
PHL,2024,0.43627830276832574,0
POL,1990,1.3226293926673294,1
POL,1991,0.7267659552070233,0
POL,1992,0.24975385852690773,0
POL,1993,0.3487383269934697,0
POL,1994,0.33777777160923955,0
POL,1995,0.3826898490976665,0
POL,1996,0.21174304833078456,0
POL,1997,0.16333454127205593,0
POL,1998,0.1269178706251131,0
POL,1999,0.23526544439042543,0
POL,2000,0.3004319491218787,0
POL,2001,0.39030172203833213,0
POL,2002,0.5449289345916059,0
POL,2003,0.5449106258712244,0
POL,2004,0.5176137068872416,0
POL,2005,0.3702947751606302,0
POL,2006,0.2637447957787171,0
POL,2007,0.2068846974498044,0
POL,2008,0.13553402404476025,0
POL,2009,0.11620484734609336,0
POL,2010,0.15399961692492092,0
POL,2011,0.1281067295770728,0
POL,2012,0.137656993984533,0
POL,2013,0.13844635497460975,0
POL,2014,0.13552209695844764,0
POL,2015,0.17493704073792332,0
POL,2016,0.340210942123821,0
POL,2017,0.45668595570056375,0
POL,2018,0.3905227656047806,0
POL,2019,0.32050195352501853,0
POL,2020,0.2505152140252073,0
POL,2021,0.4386633490290705,0
POL,2022,0.40414134749290037,0
POL,2023,0.3575823626420359,0
POL,2024,0.5188114638451038,0
PRT,1990,0.10938383101902778,0
PRT,1991,0.3773138725349238,0
PRT,1992,0.1555710547073096,0
PRT,1993,0.18823615645996056,0
PRT,1994,0.21061487886528943,0
PRT,1995,0.09644418877012152,0
PRT,1996,0.17834247459465422,0
PRT,1997,0.13209108105956557,0
PRT,1998,0.18506322405065448,0
PRT,1999,0.3832948934888305,0
PRT,2000,0.37277974302463984,0
PRT,2001,0.3524891407594694,0
PRT,2002,0.2615666838875056,0
PRT,2003,0.24286594098380646,0
PRT,2004,0.22209521390851172,0
PRT,2005,0.29466653639980783,0
PRT,2006,0.3441361855741769,0
PRT,2007,0.33920956158360255,0
PRT,2008,0.5000088830208738,0
PRT,2009,0.5344101847508097,0
PRT,2010,0.44462560433137077,0
PRT,2011,0.38533285170530757,0
PRT,2012,0.4983179250577159,0
PRT,2013,0.42100130402264596,0
PRT,2014,0.2697264366331485,0
PRT,2015,0.21186846569865359,0
PRT,2016,0.16217767639410358,0
PRT,2017,0.14096469095675818,0
PRT,2018,0.12582131083292997,0
PRT,2019,0.09041945896079291,0
PRT,2020,0.5464167071533049,0
PRT,2021,0.1471463554795703,0
PRT,2022,0.21502303417356075,0
PRT,2023,0.06703283244255684,0
PRT,2024,0.06406829143411895,0
ROU,1990,2.197592725338261,1
ROU,1991,2.3903437121836815,1
ROU,1992,2.196834719112099,1
ROU,1993,0.5282006239530038,0
ROU,1994,0.5025674061994994,0
ROU,1995,0.27322742087887797,0
ROU,1996,0.3480650384808273,0
ROU,1997,0.816260946012252,0
ROU,1998,0.46850072429502937,0
ROU,1999,0.3857071495385493,0
ROU,2000,0.21781035286949751,0
ROU,2001,0.22461233162366775,0
ROU,2002,0.19484222937398857,0
ROU,2003,0.20576494170835083,0
ROU,2004,0.4194840500848009,0
ROU,2005,0.4856059322598514,0
ROU,2006,0.40533142991973153,0
ROU,2007,0.5299842954562404,0
ROU,2008,0.49629529103956505,0
ROU,2009,0.6263149885182843,0
ROU,2010,0.552069024005717,0
ROU,2011,0.23568746101695268,0
ROU,2012,0.17892050799285805,0
ROU,2013,0.15837432334681684,0
ROU,2014,0.09582878052405185,0
ROU,2015,0.08566150044210798,0
ROU,2016,0.10385265989548037,0
ROU,2017,0.2650908826056416,0
ROU,2018,0.2593003479239098,0
ROU,2019,0.1537951015047118,0
ROU,2020,0.41799830019583334,0
ROU,2021,0.22854386171527186,0
ROU,2022,0.37167855922925813,0
ROU,2023,0.2686402597672492,0
ROU,2024,0.33126397558975246,0
RUS,1990,5.5017752434024505,1
RUS,1991,7.299261128248831,1
RUS,1992,6.986188192452788,1
RUS,1993,5.260501091333605,1
RUS,1994,3.097195657695629,1
RUS,1995,1.6104487990890342,1
RUS,1996,1.3694599964495613,1
RUS,1997,0.5146213983926601,0
RUS,1998,0.4716871141874116,0
RUS,1999,0.9051958858500131,0
RUS,2000,1.0587347976983683,1
RUS,2001,0.6150098021650088,0
RUS,2002,0.2508190012728921,0
RUS,2003,0.3057000059999185,0
RUS,2004,0.39726220813455854,0
RUS,2005,0.43642863011796773,0
RUS,2006,0.4986594377053817,0
RUS,2007,0.5024797909478492,0
RUS,2008,0.19892912269234905,0
RUS,2009,1.0407297740745087,1
RUS,2010,0.33054668836159395,0
RUS,2011,0.24494802680463976,0
RUS,2012,0.22644146756787578,0
RUS,2013,0.19182641079158175,0
RUS,2014,0.1458459508985943,0
RUS,2015,0.38185682705934954,0
RUS,2016,0.32798878445857516,0
RUS,2017,0.24861685069897205,0
RUS,2018,0.2911971973484678,0
RUS,2019,0.32819623920644375,0
RUS,2020,0.7612205374312724,0
RUS,2021,0.395306309690472,0
RUS,2022,0.6445546340937616,0
RUS,2023,0.4592150610692353,0
RUS,2024,0.4749037880780784,0
SAU,1990,0.4645426868148492,0
SAU,1991,1.0008610076966524,1
SAU,1992,0.47532447593251953,0
SAU,1993,0.5334490934056083,0
SAU,1994,0.27006309482002205,0
SAU,1995,0.21973878157945892,0
SAU,1996,0.18633683446261645,0
SAU,1997,0.25213411355864773,0
SAU,1998,0.27257815891648685,0
SAU,1999,0.4005082466491922,0
SAU,2000,0.3355171205983622,0
SAU,2001,0.3522197619688825,0
SAU,2002,0.4886136128889774,0
SAU,2003,0.6601792775601337,0
SAU,2004,1.0809715692314403,1
SAU,2005,1.8621864680450897,1
SAU,2006,2.064767466254046,1
SAU,2007,1.9912070519033231,1
SAU,2008,2.8852479237780657,1
SAU,2009,2.3777735654447643,1
SAU,2010,2.2485509444481884,1
SAU,2011,3.1280037314085205,1
SAU,2012,3.4407581637163425,1
SAU,2013,3.4023264576386105,1
SAU,2014,2.584564001488261,1
SAU,2015,2.419804040281496,1
SAU,2016,2.405806318699989,1
SAU,2017,1.7577393438569093,1
SAU,2018,1.446425335789906,1
SAU,2019,1.3183270616216909,1
SAU,2020,2.0677016672299087,1
SAU,2021,1.1914789979751668,1
SAU,2022,1.045569407086626,1
SAU,2023,0.5338402589057681,0
SAU,2024,0.4570360941429985,0
SGP,1990,1.4692617973295237,1
SGP,1991,1.174696297956912,1
SGP,1992,1.2359145733514805,1
SGP,1993,1.4052886410144967,1
SGP,1994,1.2281138146248183,1
SGP,1995,1.3683683217956237,1
SGP,1996,1.3100954201197816,1
SGP,1997,1.270334948064325,1
SGP,1998,1.4162113268487138,1
SGP,1999,1.3085911344097216,1
SGP,2000,1.6035360084611698,1
SGP,2001,1.4697413475695922,1
SGP,2002,1.4207028447132837,1
SGP,2003,1.8345692841128987,1
SGP,2004,1.9526565118324026,1
SGP,2005,2.233298869162895,1
SGP,2006,2.4492664878980217,1
SGP,2007,2.1734451044702703,1
SGP,2008,2.729328594861594,1
SGP,2009,1.5955814469326237,1
SGP,2010,2.0806477147662084,1
SGP,2011,1.7272500034662401,1
SGP,2012,1.5754705220031116,1
SGP,2013,1.6083590254793805,1
SGP,2014,1.5354115630969427,1
SGP,2015,1.2774710489403227,1
SGP,2016,1.0469656545130355,1
SGP,2017,1.3511831639793228,1
SGP,2018,1.15297882591361,1
SGP,2019,1.3362857890928606,1
SGP,2020,1.5486117706594171,1
SGP,2021,1.6473633258383367,1
SGP,2022,1.3900186883041066,1
SGP,2023,1.2738197488051635,1
SGP,2024,1.1850014929768407,1
SWE,1990,0.175035174009213,0
SWE,1991,0.1905758956155456,0
SWE,1992,0.1503408894044597,0
SWE,1993,0.19668764284313187,0
SWE,1994,0.09690045838879519,0
SWE,1995,0.15109237060137728,0
SWE,1996,0.1581631334100575,0
SWE,1997,0.18080908410382104,0
SWE,1998,0.1968692989934859,0
SWE,1999,0.6135727066601344,0
SWE,2000,0.19653219293635965,0
SWE,2001,0.19243107865644504,0
SWE,2002,0.14893650987433724,0
SWE,2003,0.1626467053814534,0
SWE,2004,0.15514243846633258,0
SWE,2005,0.14006616057468038,0
SWE,2006,0.21005456888075436,0
SWE,2007,0.22060131949499723,0
SWE,2008,0.335085668764887,0
SWE,2009,0.29248367839901596,0
SWE,2010,0.22896159463953175,0
SWE,2011,0.14569768492066043,0
SWE,2012,0.1659541882557284,0
SWE,2013,0.14599910430763008,0
SWE,2014,0.14654002596941312,0
SWE,2015,0.12681887937367622,0
SWE,2016,0.09424798583889916,0
SWE,2017,0.10798070708300084,0
SWE,2018,0.13901081221690925,0
SWE,2019,0.1397598177315795,0
SWE,2020,0.342404540977516,0
SWE,2021,0.25256590566095033,0
SWE,2022,0.28347531694810485,0
SWE,2023,0.3251051526605498,0
SWE,2024,0.3780420116605158,0
THA,1990,0.7547260853391478,0
THA,1991,0.7246864870353614,0
THA,1992,0.5436607550039552,0
THA,1993,0.50429225789169,0
THA,1994,0.5554886655072432,0
THA,1995,0.7264464142625309,0
THA,1996,0.6844631791168038,0
THA,1997,0.6005402556376969,0
THA,1998,1.1704672201943072,1
THA,1999,0.8615744365640684,0
THA,2000,0.7287089280592234,0
THA,2001,0.7783355344630919,0
THA,2002,1.3320257538176221,1
THA,2003,1.4022224225334015,1
THA,2004,1.179843553135457,1
THA,2005,0.6726444918299352,0
THA,2006,0.8722923188390119,0
THA,2007,0.8700707953636281,0
THA,2008,0.7038471658566884,0
THA,2009,1.3869455505056663,1
THA,2010,2.1271590880540407,1
THA,2011,1.0415084219323587,1
THA,2012,1.744756848255932,1
THA,2013,1.438275547925413,1
THA,2014,1.5175344549570577,1
THA,2015,1.7849422807160062,1
THA,2016,1.6889623016296245,1
THA,2017,1.3787034430738168,1
THA,2018,1.1106985311319892,1
THA,2019,1.0170607617209932,1
THA,2020,1.2053725844847865,1
THA,2021,1.4777499138570982,1
THA,2022,1.6772078560364254,1
THA,2023,2.0998430900127456,1
THA,2024,2.293564914249874,1
TUR,1990,0.31440486892408026,0
TUR,1991,0.24986940422036813,0
TUR,1992,0.20843660649051357,0
TUR,1993,0.24465836132983898,0
TUR,1994,0.6949733305886341,0
TUR,1995,0.35235143242295563,0
TUR,1996,0.28701293364663544,0
TUR,1997,0.3011189970093181,0
TUR,1998,0.19462560154665498,0
TUR,1999,0.30498871655379217,0
TUR,2000,0.14183153864306844,0
TUR,2001,0.4515245860377957,0
TUR,2002,0.1434454644446764,0
TUR,2003,0.12075533694573876,0
TUR,2004,0.3005331114511839,0
TUR,2005,0.2564546426673219,0
TUR,2006,0.3160380892979713,0
TUR,2007,0.35614832029918586,0
TUR,2008,0.8847997415007762,0
TUR,2009,0.8347020827631726,0
TUR,2010,0.29933577020637886,0
TUR,2011,0.49087603837471433,0
TUR,2012,0.20495398176432317,0
TUR,2013,0.2671588198384114,0
TUR,2014,0.2787631546127449,0
TUR,2015,0.3118808159284213,0
TUR,2016,0.4095627151483402,0
TUR,2017,0.39430719817996723,0
TUR,2018,0.706791694168201,0
TUR,2019,0.7200753264421591,0
TUR,2020,1.0637931892730685,1
TUR,2021,0.5562494724086106,0
TUR,2022,1.3506025574683502,1
TUR,2023,0.8917328415227674,0
TUR,2024,0.8158643821439832,0
USA,1990,0.1469388697662184,0
USA,1991,0.2056541622536575,0
USA,1992,0.18134928832763328,0
USA,1993,0.1942188436773069,0
USA,1994,0.1888835348330697,0
USA,1995,0.20123012579230626,0
USA,1996,0.2388241326210651,0
USA,1997,0.2922995086968593,0
USA,1998,0.3384219739490985,0
USA,1999,0.4134643815221727,0
USA,2000,0.36680286833037923,0
USA,2001,0.3778102324290923,0
USA,2002,0.3189878544756926,0
USA,2003,0.3838211423475659,0
USA,2004,0.44411857574546454,0
USA,2005,0.4741694842997489,0
USA,2006,0.5263147919449634,0
USA,2007,0.5541980100199883,0
USA,2008,0.43287193883968467,0
USA,2009,0.4770560297554798,0
USA,2010,0.3901234500522878,0
USA,2011,0.33339759433277083,0
USA,2012,0.33623929774587796,0
USA,2013,0.39246667936118773,0
USA,2014,0.41017270926049576,0
USA,2015,0.43229283527585677,0
USA,2016,0.45116933845353213,0
USA,2017,0.4985425424577188,0
USA,2018,0.4534174200322441,0
USA,2019,0.5200519339189844,0
USA,2020,0.6417429794555516,0
USA,2021,0.7249437492846521,0
USA,2022,0.4836515421358119,0
USA,2023,0.5068854649301681,0
USA,2024,0.5202504485994616,0
VNM,1990,0.3129743181383371,0
VNM,1991,0.3305351885349,0
VNM,1992,0.35833404664889135,0
VNM,1993,0.34817081528616367,0
VNM,1994,0.4340564816921193,0
VNM,1995,0.4066518431617636,0
VNM,1996,0.4347642823601196,0
VNM,1997,0.3066216750472878,0
VNM,1998,0.23700498084595284,0
VNM,1999,0.238054196031443,0
VNM,2000,0.21412500661162123,0
VNM,2001,0.2770786779305039,0
VNM,2002,0.27618017900384567,0
VNM,2003,0.38767138614678004,0
VNM,2004,0.3518991206657024,0
VNM,2005,0.27684691850927107,0
VNM,2006,0.2775078705372054,0
VNM,2007,0.8221636837046987,0
VNM,2008,0.8108208772498756,0
VNM,2009,0.5325478266008967,0
VNM,2010,0.3760653113595837,0
VNM,2011,0.23588276290510513,0
VNM,2012,0.16868078577702136,0
VNM,2013,0.16712137483644332,0
VNM,2014,0.17730998707740522,0
VNM,2015,0.2557833045555084,0
VNM,2016,0.22498839730717346,0
VNM,2017,0.29295362182497225,0
VNM,2018,0.2840714166495231,0
VNM,2019,0.25236862465642373,0
VNM,2020,0.249999550067704,0
VNM,2021,0.4615592452731715,0
VNM,2022,0.4171722013973096,0
VNM,2023,0.2721501029224164,0
VNM,2024,0.3354795577719326,0
ZAF,1990,1.0026572585904412,1
ZAF,1991,0.9827837910086412,0
ZAF,1992,1.0505851813623925,1
ZAF,1993,1.0280240295676843,1
ZAF,1994,0.9338377550482815,0
ZAF,1995,0.8688381014839597,0
ZAF,1996,0.8833889315119365,0
ZAF,1997,0.8027541976118784,0
ZAF,1998,0.7823402931329827,0
ZAF,1999,0.8345799161026526,0
ZAF,2000,0.8960254264365943,0
ZAF,2001,0.8659639242468794,0
ZAF,2002,0.8291746678593283,0
ZAF,2003,0.8218713044536083,0
ZAF,2004,0.8112463670200865,0
ZAF,2005,0.8209274260002946,0
ZAF,2006,0.8543103410406708,0
ZAF,2007,0.8462109333419214,0
ZAF,2008,0.7517492561314665,0
ZAF,2009,0.7817378507904847,0
ZAF,2010,0.9284524532616282,0
ZAF,2011,0.9027894404300457,0
ZAF,2012,0.9437727742516996,0
ZAF,2013,0.9455274632766401,0
ZAF,2014,0.9588196903371844,0
ZAF,2015,0.9780905818581949,0
ZAF,2016,1.0939011320361747,1
ZAF,2017,1.1557398801123684,1
ZAF,2018,1.1161114764310913,1
ZAF,2019,1.2727399901604552,1
ZAF,2020,1.5248215260801885,1
ZAF,2021,2.1549732445309604,1
ZAF,2022,1.8225917318833014,1
ZAF,2023,1.6733471993755378,1
ZAF,2024,1.719405289460641,1
