economy,year,anomaly_score,anomaly_score_negated,predicted_anomaly,crisis_label
ARE,1990,-0.04101002108710494,0.04101002108710494,1,0
ARE,1991,0.008803446922498293,-0.008803446922498293,0,0
ARE,1992,0.02321831939757757,-0.02321831939757757,0,0
ARE,1993,0.023531634391803224,-0.023531634391803224,0,0
ARE,1994,0.026041982287759557,-0.026041982287759557,0,0
ARE,1995,0.029825237075083555,-0.029825237075083555,0,0
ARE,1996,0.023926977832842478,-0.023926977832842478,0,0
ARE,1997,0.02739201006448011,-0.02739201006448011,0,0
ARE,1998,0.004059913822091421,-0.004059913822091421,0,0
ARE,1999,0.018245932175677382,-0.018245932175677382,0,0
ARE,2000,0.01540727206971676,-0.01540727206971676,0,0
ARE,2001,0.027281001322995713,-0.027281001322995713,0,0
ARE,2002,0.03056707333327008,-0.03056707333327008,0,0
ARE,2003,0.032612530589799515,-0.032612530589799515,0,0
ARE,2004,0.00521519953741012,-0.00521519953741012,0,0
ARE,2005,0.01870252997391797,-0.01870252997391797,0,0
ARE,2006,-0.0009489459986568027,0.0009489459986568027,1,0
ARE,2007,-0.013066893077610775,0.013066893077610775,1,0
ARE,2008,-0.016653943412516803,0.016653943412516803,1,0
ARE,2009,-0.06973359232053711,0.06973359232053711,1,1
ARE,2010,0.007481827236706262,-0.007481827236706262,0,0
ARE,2011,0.004435357865187783,-0.004435357865187783,0,0
ARE,2012,-0.006544002664688131,0.006544002664688131,1,0
ARE,2013,-0.009143921962121215,0.009143921962121215,1,0
ARE,2014,-0.008502390366159629,0.008502390366159629,1,0
ARE,2015,-0.018329705994448275,0.018329705994448275,1,0
ARE,2016,-0.01467060438963208,0.01467060438963208,1,0
ARE,2017,-0.03603374103219231,0.03603374103219231,1,0
ARE,2018,0.005892973702858795,-0.005892973702858795,0,0
ARE,2019,-0.018078829832891885,0.018078829832891885,1,0
ARE,2020,-0.10440518305892343,0.10440518305892343,1,1
ARE,2021,-0.03309596877619214,0.03309596877619214,1,0
ARE,2022,-0.044333804499434415,0.044333804499434415,1,0
ARE,2023,-0.06333143008010378,0.06333143008010378,1,0
ARE,2024,-0.07165411544447642,0.07165411544447642,1,0
ARG,1990,-0.03289884227097256,0.03289884227097256,1,1
ARG,1991,-0.025367998881753673,0.025367998881753673,1,0
ARG,1992,0.008582922468081844,-0.008582922468081844,0,0
ARG,1993,0.013422925768291627,-0.013422925768291627,0,0
ARG,1994,0.0361942151742885,-0.0361942151742885,0,0
ARG,1995,-0.01211515798565882,0.01211515798565882,1,1
ARG,1996,0.027138762850473563,-0.027138762850473563,0,1
ARG,1997,0.016855212430311683,-0.016855212430311683,0,0
ARG,1998,0.04907439442414657,-0.04907439442414657,0,0
ARG,1999,-0.029376883893703354,0.029376883893703354,1,1
ARG,2000,0.016134322522357747,-0.016134322522357747,0,0
ARG,2001,-0.03338815151353147,0.03338815151353147,1,1
ARG,2002,-0.09636050442314614,0.09636050442314614,1,1
ARG,2003,-0.005864497848830752,0.005864497848830752,1,0
ARG,2004,0.01849125001106361,-0.01849125001106361,0,0
ARG,2005,0.027760631021476634,-0.027760631021476634,0,0
ARG,2006,0.05670476316523104,-0.05670476316523104,0,0
ARG,2007,0.06169004181377957,-0.06169004181377957,0,0
ARG,2008,0.08684219564546791,-0.08684219564546791,0,0
ARG,2009,0.0011425078909419462,-0.0011425078909419462,0,1
ARG,2010,0.04320017266065618,-0.04320017266065618,0,0
ARG,2011,0.07416766386193385,-0.07416766386193385,0,0
ARG,2012,0.05384435992954989,-0.05384435992954989,0,0
ARG,2013,0.07398097318938396,-0.07398097318938396,0,0
ARG,2014,0.03915929810540053,-0.03915929810540053,0,1
ARG,2015,0.059818662454491245,-0.059818662454491245,0,0
ARG,2016,0.0306661730681701,-0.0306661730681701,0,1
ARG,2017,0.05401111476651144,-0.05401111476651144,0,0
ARG,2018,0.020973936605913568,-0.020973936605913568,0,1
ARG,2019,0.010096458716861267,-0.010096458716861267,0,1
ARG,2020,-0.07419265346540926,0.07419265346540926,1,1
ARG,2021,0.016033882352464834,-0.016033882352464834,0,0
ARG,2022,0.049085685928397016,-0.049085685928397016,0,0
ARG,2023,0.013759148732526594,-0.013759148732526594,0,1
ARG,2024,-0.0024633900447463275,0.0024633900447463275,1,1
AUS,1990,0.07721042493012309,-0.07721042493012309,0,1
AUS,1991,0.07434232898143961,-0.07434232898143961,0,1
AUS,1992,0.07427612721537818,-0.07427612721537818,0,1
AUS,1993,0.09123595775714621,-0.09123595775714621,0,1
AUS,1994,0.09200338070914033,-0.09200338070914033,0,1
AUS,1995,0.08944988302297585,-0.08944988302297585,0,0
AUS,1996,0.09716131165867958,-0.09716131165867958,0,0
AUS,1997,0.09049969108191164,-0.09049969108191164,0,0
AUS,1998,0.08968207915099469,-0.08968207915099469,0,0
AUS,1999,0.08284318237335397,-0.08284318237335397,0,0
AUS,2000,0.09187675958508196,-0.09187675958508196,0,0
AUS,2001,0.09511488785512706,-0.09511488785512706,0,0
AUS,2002,0.08733417854067971,-0.08733417854067971,0,0
AUS,2003,0.08353184856846907,-0.08353184856846907,0,0
AUS,2004,0.0604702405593065,-0.0604702405593065,0,0
AUS,2005,0.06242217134006112,-0.06242217134006112,0,0
AUS,2006,0.07476125719690302,-0.07476125719690302,0,0
AUS,2007,0.07083026338497483,-0.07083026338497483,0,0
AUS,2008,0.07420549391017417,-0.07420549391017417,0,0
AUS,2009,0.07776948637388992,-0.07776948637388992,0,0
AUS,2010,0.07482076554966194,-0.07482076554966194,0,0
AUS,2011,0.07506014426587254,-0.07506014426587254,0,0
AUS,2012,0.06793385911610994,-0.06793385911610994,0,0
AUS,2013,0.06936378601961707,-0.06936378601961707,0,0
AUS,2014,0.07000722657346053,-0.07000722657346053,0,0
AUS,2015,0.06828395563611234,-0.06828395563611234,0,0
AUS,2016,0.07213126326611852,-0.07213126326611852,0,0
AUS,2017,0.06592974328751633,-0.06592974328751633,0,0
AUS,2018,0.07119642096511836,-0.07119642096511836,0,0
AUS,2019,0.07093250551183627,-0.07093250551183627,0,0
AUS,2020,0.054976912352078966,-0.054976912352078966,0,0
AUS,2021,0.06724222594813178,-0.06724222594813178,0,0
AUS,2022,0.06608243923776186,-0.06608243923776186,0,1
AUS,2023,0.07049192451263864,-0.07049192451263864,0,0
AUS,2024,0.06499377956216157,-0.06499377956216157,0,0
AUT,1990,0.09026448662110442,-0.09026448662110442,0,0
AUT,1991,0.09260949150770914,-0.09260949150770914,0,0
AUT,1992,0.09405991995176483,-0.09405991995176483,0,0
AUT,1993,0.09472474968764832,-0.09472474968764832,0,0
AUT,1994,0.09808418150785897,-0.09808418150785897,0,0
AUT,1995,0.09812225605262914,-0.09812225605262914,0,0
AUT,1996,0.09778150652031797,-0.09778150652031797,0,0
AUT,1997,0.09635729007940691,-0.09635729007940691,0,0
AUT,1998,0.09585908662776965,-0.09585908662776965,0,0
AUT,1999,0.09639225375552046,-0.09639225375552046,0,0
AUT,2000,0.09435412743870786,-0.09435412743870786,0,0
AUT,2001,0.09285992930522474,-0.09285992930522474,0,0
AUT,2002,0.09336906585984267,-0.09336906585984267,0,0
AUT,2003,0.09432378569069394,-0.09432378569069394,0,0
AUT,2004,0.09575909108921504,-0.09575909108921504,0,0
AUT,2005,0.04968795462841785,-0.04968795462841785,0,0
AUT,2006,0.09065070018636684,-0.09065070018636684,0,0
AUT,2007,0.05744678046726559,-0.05744678046726559,0,0
AUT,2008,0.08621344101584377,-0.08621344101584377,0,0
AUT,2009,0.054478909780729556,-0.054478909780729556,0,1
AUT,2010,0.06892091054655064,-0.06892091054655064,0,0
AUT,2011,0.08722514075236903,-0.08722514075236903,0,0
AUT,2012,0.0829469852072574,-0.0829469852072574,0,0
AUT,2013,0.07134413700440012,-0.07134413700440012,0,0
AUT,2014,0.08217467182349669,-0.08217467182349669,0,0
AUT,2015,0.07490536758583777,-0.07490536758583777,0,0
AUT,2016,0.06457863071432451,-0.06457863071432451,0,1
AUT,2017,0.0899936278398174,-0.0899936278398174,0,0
AUT,2018,0.06938317794509935,-0.06938317794509935,0,0
AUT,2019,0.07534298114251697,-0.07534298114251697,0,0
AUT,2020,0.011555738265587756,-0.011555738265587756,0,1
AUT,2021,0.07575108327269614,-0.07575108327269614,0,1
AUT,2022,0.06321886082929656,-0.06321886082929656,0,1
AUT,2023,0.06105330193484265,-0.06105330193484265,0,1
AUT,2024,0.07132225256775615,-0.07132225256775615,0,0
BEL,1990,0.08033695527432666,-0.08033695527432666,0,0
BEL,1991,0.08136242692603995,-0.08136242692603995,0,0
BEL,1992,0.0798993142975325,-0.0798993142975325,0,0
BEL,1993,0.06384264215646895,-0.06384264215646895,0,0
BEL,1994,0.0772805462734939,-0.0772805462734939,0,1
BEL,1995,0.07625292657992938,-0.07625292657992938,0,1
BEL,1996,0.06960725207464497,-0.06960725207464497,0,1
BEL,1997,0.07090341825094709,-0.07090341825094709,0,0
BEL,1998,0.06027354242108657,-0.06027354242108657,0,1
BEL,1999,0.006738972123180531,-0.006738972123180531,0,0
BEL,2000,0.015425107441345565,-0.015425107441345565,0,0
BEL,2001,0.011106432762607532,-0.011106432762607532,0,0
BEL,2002,0.05893269272931223,-0.05893269272931223,0,0
BEL,2003,0.051997857108199375,-0.051997857108199375,0,0
BEL,2004,0.056213063174690714,-0.056213063174690714,0,0
BEL,2005,0.05733301115725581,-0.05733301115725581,0,0
BEL,2006,0.03987135333137193,-0.03987135333137193,0,0
BEL,2007,0.022266707754139747,-0.022266707754139747,0,0
BEL,2008,-0.019668504856138636,0.019668504856138636,1,0
BEL,2009,0.009554579631368576,-0.009554579631368576,0,0
BEL,2010,0.012504301976084153,-0.012504301976084153,0,0
BEL,2011,-0.008092852069515044,0.008092852069515044,1,0
BEL,2012,0.028511041122406322,-0.028511041122406322,0,0
BEL,2013,0.01106089356006934,-0.01106089356006934,0,0
BEL,2014,0.023162551182082602,-0.023162551182082602,0,0
BEL,2015,0.016046406208107655,-0.016046406208107655,0,0
BEL,2016,0.020358674866066906,-0.020358674866066906,0,0
BEL,2017,0.003641672618828251,-0.003641672618828251,0,0
BEL,2018,0.009195584178880889,-0.009195584178880889,0,0
BEL,2019,0.02675971120998366,-0.02675971120998366,0,0
BEL,2020,-0.028009446631503065,0.028009446631503065,1,1
BEL,2021,-0.008810270342826498,0.008810270342826498,1,0
BEL,2022,-0.023143967146810218,0.023143967146810218,1,1
BEL,2023,0.025709451271385964,-0.025709451271385964,0,0
BEL,2024,0.017303860033765106,-0.017303860033765106,0,0
BGD,1990,0.044398653629558804,-0.044398653629558804,0,0
BGD,1991,0.050526923578637695,-0.050526923578637695,0,0
BGD,1992,0.053915087386368354,-0.053915087386368354,0,0
BGD,1993,0.061110882665011745,-0.061110882665011745,0,0
BGD,1994,0.06393893470073408,-0.06393893470073408,0,0
BGD,1995,0.07395005612710953,-0.07395005612710953,0,0
BGD,1996,0.07083475674998979,-0.07083475674998979,0,0
BGD,1997,0.07643966523920487,-0.07643966523920487,0,0
BGD,1998,0.0833224014166597,-0.0833224014166597,0,0
BGD,1999,0.08033068977583618,-0.08033068977583618,0,0
BGD,2000,0.08279777047858145,-0.08279777047858145,0,0
BGD,2001,0.0821456501249106,-0.0821456501249106,0,0
BGD,2002,0.07814638669363472,-0.07814638669363472,0,0
BGD,2003,0.07554766878182279,-0.07554766878182279,0,0
BGD,2004,0.07693250281749303,-0.07693250281749303,0,0
BGD,2005,0.07524194177477883,-0.07524194177477883,0,0
BGD,2006,0.0762084985351909,-0.0762084985351909,0,0
BGD,2007,0.07351036311212472,-0.07351036311212472,0,0
BGD,2008,0.0801059758563546,-0.0801059758563546,0,0
BGD,2009,0.07866340682866851,-0.07866340682866851,0,0
BGD,2010,0.07499507576300335,-0.07499507576300335,0,0
BGD,2011,0.07374075073630959,-0.07374075073630959,0,1
BGD,2012,0.07235378106001356,-0.07235378106001356,0,0
BGD,2013,0.07575746443389797,-0.07575746443389797,0,0
BGD,2014,0.0781132197324535,-0.0781132197324535,0,0
BGD,2015,0.07515303155924574,-0.07515303155924574,0,0
BGD,2016,0.05255453155911083,-0.05255453155911083,0,0
BGD,2017,0.05163612498019837,-0.05163612498019837,0,0
BGD,2018,0.05328482252188338,-0.05328482252188338,0,0
BGD,2019,0.0408522145277706,-0.0408522145277706,0,0
BGD,2020,0.04857284336020695,-0.04857284336020695,0,1
BGD,2021,0.041787781273140145,-0.041787781273140145,0,1
BGD,2022,0.04776835317206951,-0.04776835317206951,0,1
BGD,2023,0.05158155569572792,-0.05158155569572792,0,0
BGD,2024,0.05405202839401724,-0.05405202839401724,0,0
BRA,1990,-0.13304239350803904,0.13304239350803904,1,1
BRA,1991,-0.03722791157414779,0.03722791157414779,1,0
BRA,1992,-0.09052252300379504,0.09052252300379504,1,0
BRA,1993,-0.08453350231833145,0.08453350231833145,1,1
BRA,1994,-0.08063264263481962,0.08063264263481962,1,1
BRA,1995,0.02455911626793572,-0.02455911626793572,0,0
BRA,1996,0.04219439888218285,-0.04219439888218285,0,0
BRA,1997,0.04006617728253714,-0.04006617728253714,0,0
BRA,1998,0.022387146812024916,-0.022387146812024916,0,0
BRA,1999,0.0325209415992338,-0.0325209415992338,0,0
BRA,2000,0.05060018678102568,-0.05060018678102568,0,0
BRA,2001,0.05712396527168523,-0.05712396527168523,0,0
BRA,2002,0.06948755716868138,-0.06948755716868138,0,0
BRA,2003,0.06735254218426934,-0.06735254218426934,0,0
BRA,2004,0.07522297669133587,-0.07522297669133587,0,0
BRA,2005,0.07483364806144599,-0.07483364806144599,0,0
BRA,2006,0.07585169497344452,-0.07585169497344452,0,0
BRA,2007,0.061002519541640265,-0.061002519541640265,0,0
BRA,2008,0.0744510630225571,-0.0744510630225571,0,0
BRA,2009,0.04602141187634756,-0.04602141187634756,0,0
BRA,2010,0.03128015930914069,-0.03128015930914069,0,0
BRA,2011,0.05077996209692204,-0.05077996209692204,0,0
BRA,2012,0.04489642362712898,-0.04489642362712898,0,0
BRA,2013,0.04950324759676206,-0.04950324759676206,0,0
BRA,2014,0.0321693251692684,-0.0321693251692684,0,0
BRA,2015,-0.005606416643293977,0.005606416643293977,1,1
BRA,2016,-0.027197180603820037,0.027197180603820037,1,1
BRA,2017,0.009097303666377288,-0.009097303666377288,0,1
BRA,2018,0.021710601479848657,-0.021710601479848657,0,0
BRA,2019,0.023416555808378647,-0.023416555808378647,0,0
BRA,2020,-0.010537504810225196,0.010537504810225196,1,1
BRA,2021,0.04862254467768662,-0.04862254467768662,0,1
BRA,2022,0.07111401137596135,-0.07111401137596135,0,0
BRA,2023,0.05864765677951056,-0.05864765677951056,0,0
BRA,2024,0.05860078930737833,-0.05860078930737833,0,0
CAN,1990,0.08741033854153168,-0.08741033854153168,0,1
CAN,1991,0.06225663103284135,-0.06225663103284135,0,1
CAN,1992,0.08152890711131161,-0.08152890711131161,0,1
CAN,1993,0.0864045979583104,-0.0864045979583104,0,1
CAN,1994,0.08679793678341952,-0.08679793678341952,0,1
CAN,1995,0.09814586856495372,-0.09814586856495372,0,0
CAN,1996,0.09526455079863133,-0.09526455079863133,0,0
CAN,1997,0.09626868477851697,-0.09626868477851697,0,0
CAN,1998,0.09096483563497837,-0.09096483563497837,0,0
CAN,1999,0.09167619649869013,-0.09167619649869013,0,0
CAN,2000,0.08133085302431253,-0.08133085302431253,0,0
CAN,2001,0.09361073663770597,-0.09361073663770597,0,0
CAN,2002,0.09624801934263455,-0.09624801934263455,0,0
CAN,2003,0.09970166966863081,-0.09970166966863081,0,0
CAN,2004,0.09762122948425372,-0.09762122948425372,0,0
CAN,2005,0.10123335018111523,-0.10123335018111523,0,0
CAN,2006,0.09754173277461686,-0.09754173277461686,0,0
CAN,2007,0.08632369550715085,-0.08632369550715085,0,0
CAN,2008,0.09190908974687345,-0.09190908974687345,0,0
CAN,2009,0.05806066126953907,-0.05806066126953907,0,1
CAN,2010,0.09494514366144974,-0.09494514366144974,0,0
CAN,2011,0.0970153004259044,-0.0970153004259044,0,0
CAN,2012,0.09016982020045383,-0.09016982020045383,0,0
CAN,2013,0.08756598788123066,-0.08756598788123066,0,0
CAN,2014,0.09379629758745472,-0.09379629758745472,0,0
CAN,2015,0.08360362493464435,-0.08360362493464435,0,0
CAN,2016,0.0895077468678877,-0.0895077468678877,0,0
CAN,2017,0.09411473182367153,-0.09411473182367153,0,0
CAN,2018,0.09342541572349444,-0.09342541572349444,0,0
CAN,2019,0.09239232894045268,-0.09239232894045268,0,0
CAN,2020,0.03240711364090337,-0.03240711364090337,0,1
CAN,2021,0.08307199656323239,-0.08307199656323239,0,0
CAN,2022,0.08766714662299552,-0.08766714662299552,0,1
CAN,2023,0.08252058446059046,-0.08252058446059046,0,0
CAN,2024,0.08370244518263226,-0.08370244518263226,0,0
CHE,1990,0.059424170196377024,-0.059424170196377024,0,1
CHE,1991,0.04789771240094698,-0.04789771240094698,0,1
CHE,1992,0.06491079103118391,-0.06491079103118391,0,0
CHE,1993,0.07094217833197142,-0.07094217833197142,0,0
CHE,1994,0.08037368240748777,-0.08037368240748777,0,0
CHE,1995,0.07458833989898472,-0.07458833989898472,0,0
CHE,1996,0.07599888917911835,-0.07599888917911835,0,0
CHE,1997,0.07795739324122691,-0.07795739324122691,0,0
CHE,1998,0.07456920997645988,-0.07456920997645988,0,0
CHE,1999,0.06554912288211612,-0.06554912288211612,0,0
CHE,2000,0.038019196906702135,-0.038019196906702135,0,0
CHE,2001,0.06438112497128518,-0.06438112497128518,0,0
CHE,2002,0.06471119513726759,-0.06471119513726759,0,0
CHE,2003,0.04061931508312944,-0.04061931508312944,0,0
CHE,2004,0.06164746636209456,-0.06164746636209456,0,0
CHE,2005,0.0557229493719863,-0.0557229493719863,0,0
CHE,2006,0.02898080598929159,-0.02898080598929159,0,0
CHE,2007,0.046009856005582495,-0.046009856005582495,0,0
CHE,2008,0.08060127385765564,-0.08060127385765564,0,0
CHE,2009,0.02044962514905585,-0.02044962514905585,0,1
CHE,2010,0.03121376887643451,-0.03121376887643451,0,0
CHE,2011,0.03895534568895137,-0.03895534568895137,0,0
CHE,2012,0.011250511375346328,-0.011250511375346328,0,0
CHE,2013,-0.006059274916621338,0.006059274916621338,1,0
CHE,2014,0.04183368139186411,-0.04183368139186411,0,0
CHE,2015,-0.002775733633081867,0.002775733633081867,1,0
CHE,2016,-0.006662524462674013,0.006662524462674013,1,0
CHE,2017,-0.0008064549735547488,0.0008064549735547488,1,0
CHE,2018,-0.003504609156221694,0.003504609156221694,1,0
CHE,2019,0.027406425465583972,-0.027406425465583972,0,0
CHE,2020,-0.04061509266991037,0.04061509266991037,1,1
CHE,2021,-0.02762192742533237,0.02762192742533237,1,0
CHE,2022,-0.0027439845358236403,0.0027439845358236403,1,0
CHE,2023,-0.014708998402359896,0.014708998402359896,1,0
CHE,2024,-0.020750407911762636,0.020750407911762636,1,0
CHL,1990,0.09064941212331706,-0.09064941212331706,0,1
CHL,1991,0.08012923218957191,-0.08012923218957191,0,1
CHL,1992,0.034383197019086875,-0.034383197019086875,0,0
CHL,1993,0.0735611588796844,-0.0735611588796844,0,0
CHL,1994,0.09288605128025629,-0.09288605128025629,0,0
CHL,1995,0.06124656006361989,-0.06124656006361989,0,0
CHL,1996,0.07232972809284216,-0.07232972809284216,0,0
CHL,1997,0.07153995061018648,-0.07153995061018648,0,0
CHL,1998,0.08385743444285498,-0.08385743444285498,0,0
CHL,1999,0.04871692413486528,-0.04871692413486528,0,1
CHL,2000,0.09068170300775069,-0.09068170300775069,0,0
CHL,2001,0.08690362012511604,-0.08690362012511604,0,0
CHL,2002,0.09328786722561822,-0.09328786722561822,0,0
CHL,2003,0.09230150074298887,-0.09230150074298887,0,0
CHL,2004,0.07405382164126917,-0.07405382164126917,0,0
CHL,2005,0.07771608261626334,-0.07771608261626334,0,0
CHL,2006,0.07188168293826291,-0.07188168293826291,0,0
CHL,2007,0.06626170859220204,-0.06626170859220204,0,0
CHL,2008,0.04107776043379918,-0.04107776043379918,0,0
CHL,2009,0.03947586093793043,-0.03947586093793043,0,1
CHL,2010,0.06702610461004621,-0.06702610461004621,0,0
CHL,2011,0.041703381249494687,-0.041703381249494687,0,0
CHL,2012,0.03361868837378562,-0.03361868837378562,0,0
CHL,2013,0.06663179574133576,-0.06663179574133576,0,0
CHL,2014,0.06328730236660823,-0.06328730236660823,0,0
CHL,2015,0.07620990031846164,-0.07620990031846164,0,0
CHL,2016,0.08278018154858602,-0.08278018154858602,0,0
CHL,2017,0.08244744494264095,-0.08244744494264095,0,0
CHL,2018,0.08373662335312954,-0.08373662335312954,0,0
CHL,2019,0.06776770376185925,-0.06776770376185925,0,0
CHL,2020,0.004735841546007369,-0.004735841546007369,0,1
CHL,2021,-0.007140661625798239,0.007140661625798239,1,0
CHL,2022,0.04275715093346011,-0.04275715093346011,0,1
CHL,2023,0.07058483506873225,-0.07058483506873225,0,0
CHL,2024,0.08085285025324496,-0.08085285025324496,0,0
CHN,1990,0.007206750004476459,-0.007206750004476459,0,0
CHN,1991,-0.02821995932915311,0.02821995932915311,1,0
CHN,1992,-0.06982977894117293,0.06982977894117293,1,0
CHN,1993,-0.08781548908159476,0.08781548908159476,1,1
CHN,1994,-0.06741425952683588,0.06741425952683588,1,1
CHN,1995,-0.050951943676669276,0.050951943676669276,1,1
CHN,1996,-0.02256277139017343,0.02256277139017343,1,0
CHN,1997,-0.021749252638592453,0.021749252638592453,1,0
CHN,1998,-0.004318895127074784,0.004318895127074784,1,0
CHN,1999,0.0032591726724775505,-0.0032591726724775505,0,0
CHN,2000,0.004118809434654813,-0.004118809434654813,0,0
CHN,2001,0.00043259501534914646,-0.00043259501534914646,0,0
CHN,2002,-0.013128638746507604,0.013128638746507604,1,0
CHN,2003,-0.03680565880020442,0.03680565880020442,1,0
CHN,2004,-0.06010408355522234,0.06010408355522234,1,0
CHN,2005,-0.08115382364869805,0.08115382364869805,1,0
CHN,2006,-0.10774563638891066,0.10774563638891066,1,0
CHN,2007,-0.1390904749129771,0.1390904749129771,1,0
CHN,2008,-0.1234728220384288,0.1234728220384288,1,0
CHN,2009,-0.11682801313807079,0.11682801313807079,1,0
CHN,2010,-0.13657453337925807,0.13657453337925807,1,0
CHN,2011,-0.12684373232277246,0.12684373232277246,1,0
CHN,2012,-0.1059091524484439,0.1059091524484439,1,0
CHN,2013,-0.09812984359507271,0.09812984359507271,1,0
CHN,2014,-0.09607581009332966,0.09607581009332966,1,0
CHN,2015,-0.08281084306627806,0.08281084306627806,1,0
CHN,2016,-0.06973843417389736,0.06973843417389736,1,0
CHN,2017,-0.07439006523594638,0.07439006523594638,1,0
CHN,2018,-0.0704715793476205,0.0704715793476205,1,0
CHN,2019,-0.06666402383698766,0.06666402383698766,1,0
CHN,2020,-0.06568875551323106,0.06568875551323106,1,0
CHN,2021,-0.08837436702389201,0.08837436702389201,1,0
CHN,2022,-0.06482788155668384,0.06482788155668384,1,0
CHN,2023,-0.06169879649650656,0.06169879649650656,1,0
CHN,2024,-0.05645644009750206,0.05645644009750206,1,0
COL,1990,0.07747965436589771,-0.07747965436589771,0,1
COL,1991,0.0571255885540044,-0.0571255885540044,0,1
COL,1992,0.07995369492010446,-0.07995369492010446,0,0
COL,1993,0.08223948156121452,-0.08223948156121452,0,0
COL,1994,0.08111376338511772,-0.08111376338511772,0,0
COL,1995,0.07618107724034745,-0.07618107724034745,0,0
COL,1996,0.056699359502545565,-0.056699359502545565,0,0
COL,1997,0.052646490938770774,-0.052646490938770774,0,0
COL,1998,0.029035108848572688,-0.029035108848572688,0,0
COL,1999,-0.04813820540697139,0.04813820540697139,1,1
COL,2000,-0.005118768618352754,0.005118768618352754,1,1
COL,2001,0.019558049994980287,-0.019558049994980287,0,0
COL,2002,0.0315614654787143,-0.0315614654787143,0,0
COL,2003,0.04490294710684262,-0.04490294710684262,0,0
COL,2004,0.04370499127643479,-0.04370499127643479,0,0
COL,2005,0.055121640015954654,-0.055121640015954654,0,0
COL,2006,0.05916546762950303,-0.05916546762950303,0,0
COL,2007,0.056910318118247705,-0.056910318118247705,0,0
COL,2008,0.07186640584547432,-0.07186640584547432,0,0
COL,2009,0.0617332525219258,-0.0617332525219258,0,0
COL,2010,0.0674161180818385,-0.0674161180818385,0,0
COL,2011,0.059198952948935124,-0.059198952948935124,0,0
COL,2012,0.06892656630153998,-0.06892656630153998,0,0
COL,2013,0.06156756940443775,-0.06156756940443775,0,0
COL,2014,0.05569537111882389,-0.05569537111882389,0,0
COL,2015,0.04843060045533065,-0.04843060045533065,0,0
COL,2016,0.03793736287333366,-0.03793736287333366,0,0
COL,2017,0.04225963334208144,-0.04225963334208144,0,0
COL,2018,0.041598198603385594,-0.041598198603385594,0,0
COL,2019,0.032524547368046164,-0.032524547368046164,0,0
COL,2020,-0.06425192912816136,0.06425192912816136,1,1
COL,2021,-0.025257973812499945,0.025257973812499945,1,0
COL,2022,0.0035100379393715464,-0.0035100379393715464,0,0
COL,2023,0.01293673058264122,-0.01293673058264122,0,0
COL,2024,0.020894088728400817,-0.020894088728400817,0,0
CZE,1991,-0.0158791149407983,0.0158791149407983,1,1
CZE,1992,0.07284587419105609,-0.07284587419105609,0,0
CZE,1993,0.07120132221742353,-0.07120132221742353,0,1
CZE,1994,0.07946466422218157,-0.07946466422218157,0,0
CZE,1995,0.05643553375993032,-0.05643553375993032,0,0
CZE,1996,0.04639300873946062,-0.04639300873946062,0,0
CZE,1997,0.04928233470984844,-0.04928233470984844,0,0
CZE,1998,0.061001879054492725,-0.061001879054492725,0,0
CZE,1999,0.05428327324931992,-0.05428327324931992,0,1
CZE,2000,0.04571552061715245,-0.04571552061715245,0,1
CZE,2001,0.0455008575031271,-0.0455008575031271,0,0
CZE,2002,0.05144699576029238,-0.05144699576029238,0,0
CZE,2003,0.06293587082941127,-0.06293587082941127,0,0
CZE,2004,0.05489541311074431,-0.05489541311074431,0,0
CZE,2005,0.04360805880832874,-0.04360805880832874,0,0
CZE,2006,0.05063127856976285,-0.05063127856976285,0,0
CZE,2007,0.03470559862072892,-0.03470559862072892,0,0
CZE,2008,0.06587051049291526,-0.06587051049291526,0,0
CZE,2009,0.02523456857920764,-0.02523456857920764,0,1
CZE,2010,0.06407509290563435,-0.06407509290563435,0,0
CZE,2011,0.0583759764163192,-0.0583759764163192,0,0
CZE,2012,0.0421981394996605,-0.0421981394996605,0,0
CZE,2013,0.05281109085623498,-0.05281109085623498,0,0
CZE,2014,0.0445106724195547,-0.0445106724195547,0,0
CZE,2015,0.04004556057207842,-0.04004556057207842,0,0
CZE,2016,0.05203269354963058,-0.05203269354963058,0,0
CZE,2017,0.0433402256746066,-0.0433402256746066,0,0
CZE,2018,0.056757282937740294,-0.056757282937740294,0,0
CZE,2019,0.05922182169100659,-0.05922182169100659,0,0
CZE,2020,0.008057856809896458,-0.008057856809896458,0,1
CZE,2021,0.047195115459461756,-0.047195115459461756,0,0
CZE,2022,0.025621680626376375,-0.025621680626376375,0,1
CZE,2023,0.03563356710397769,-0.03563356710397769,0,0
CZE,2024,0.06509147607829013,-0.06509147607829013,0,0
DEU,1990,0.08340364091946567,-0.08340364091946567,0,0
DEU,1991,0.0853390583233537,-0.0853390583233537,0,0
DEU,1992,0.08439928016373238,-0.08439928016373238,0,0
DEU,1993,0.07201453698196314,-0.07201453698196314,0,0
DEU,1994,0.08989175538035038,-0.08989175538035038,0,0
DEU,1995,0.09227093183693957,-0.09227093183693957,0,0
DEU,1996,0.09050811527857305,-0.09050811527857305,0,0
DEU,1997,0.09612687679751569,-0.09612687679751569,0,0
DEU,1998,0.09416605545859447,-0.09416605545859447,0,0
DEU,1999,0.09556970769117101,-0.09556970769117101,0,0
DEU,2000,0.07333665583284543,-0.07333665583284543,0,0
DEU,2001,0.09937852624003346,-0.09937852624003346,0,0
DEU,2002,0.08820186208575365,-0.08820186208575365,0,0
DEU,2003,0.0808341309687019,-0.0808341309687019,0,0
DEU,2004,0.0823336744727356,-0.0823336744727356,0,1
DEU,2005,0.08127489352400508,-0.08127489352400508,0,1
DEU,2006,0.08123342154079155,-0.08123342154079155,0,0
DEU,2007,0.08155823552859676,-0.08155823552859676,0,0
DEU,2008,0.08785404281958031,-0.08785404281958031,0,0
DEU,2009,0.03146211635707452,-0.03146211635707452,0,1
DEU,2010,0.07410599783018901,-0.07410599783018901,0,0
DEU,2011,0.07502164902100611,-0.07502164902100611,0,0
DEU,2012,0.06872065603984595,-0.06872065603984595,0,0
DEU,2013,0.07374458940002798,-0.07374458940002798,0,0
DEU,2014,0.07735558777878487,-0.07735558777878487,0,0
DEU,2015,0.07423830394695624,-0.07423830394695624,0,0
DEU,2016,0.06738305065241995,-0.06738305065241995,0,0
DEU,2017,0.07558319488624782,-0.07558319488624782,0,0
DEU,2018,0.07075715004610172,-0.07075715004610172,0,0
DEU,2019,0.07032584258884811,-0.07032584258884811,0,0
DEU,2020,0.03040933326656914,-0.03040933326656914,0,1
DEU,2021,0.06996013440823595,-0.06996013440823595,0,0
DEU,2022,0.07668171652049965,-0.07668171652049965,0,1
DEU,2023,0.058301377734233994,-0.058301377734233994,0,1
DEU,2024,0.05790442650772909,-0.05790442650772909,0,0
EGY,1990,0.06852117457613988,-0.06852117457613988,0,0
EGY,1991,0.04236024869539379,-0.04236024869539379,0,0
EGY,1992,0.068464766075573,-0.068464766075573,0,0
EGY,1993,0.07338651209422437,-0.07338651209422437,0,0
EGY,1994,0.098729432685909,-0.098729432685909,0,0
EGY,1995,0.0978082805620637,-0.0978082805620637,0,0
EGY,1996,0.09921849637133745,-0.09921849637133745,0,0
EGY,1997,0.09398097028962554,-0.09398097028962554,0,0
EGY,1998,0.09952156525208067,-0.09952156525208067,0,0
EGY,1999,0.0941795069304543,-0.0941795069304543,0,0
EGY,2000,0.08611696405279923,-0.08611696405279923,0,0
EGY,2001,0.09302226993123985,-0.09302226993123985,0,0
EGY,2002,0.08826307515196735,-0.08826307515196735,0,0
EGY,2003,0.08206999245520208,-0.08206999245520208,0,0
EGY,2004,0.08647052370264141,-0.08647052370264141,0,0
EGY,2005,0.08507392332481778,-0.08507392332481778,0,0
EGY,2006,0.06784440644315093,-0.06784440644315093,0,0
EGY,2007,0.07389677811467815,-0.07389677811467815,0,0
EGY,2008,0.07520839671438184,-0.07520839671438184,0,0
EGY,2009,0.09261857722814953,-0.09261857722814953,0,0
EGY,2010,0.09560298256706534,-0.09560298256706534,0,0
EGY,2011,0.07661716630645099,-0.07661716630645099,0,0
EGY,2012,0.06720624741057374,-0.06720624741057374,0,1
EGY,2013,0.05354955087478286,-0.05354955087478286,0,1
EGY,2014,0.04535891662061864,-0.04535891662061864,0,1
EGY,2015,0.03601162658804513,-0.03601162658804513,0,1
EGY,2016,0.03577185585284237,-0.03577185585284237,0,0
EGY,2017,0.06817008035745653,-0.06817008035745653,0,1
EGY,2018,0.0909635283500499,-0.0909635283500499,0,0
EGY,2019,0.09391292900774734,-0.09391292900774734,0,0
EGY,2020,0.08636819852830196,-0.08636819852830196,0,0
EGY,2021,0.0738587263361003,-0.0738587263361003,0,0
EGY,2022,0.07583918790719901,-0.07583918790719901,0,0
EGY,2023,0.07575080508044585,-0.07575080508044585,0,1
EGY,2024,-0.00041059432574480637,0.00041059432574480637,1,1
ESP,1990,0.06947258298177078,-0.06947258298177078,0,0
ESP,1991,0.07247207739949751,-0.07247207739949751,0,0
ESP,1992,0.06554352937370983,-0.06554352937370983,0,0
ESP,1993,0.03477007008948796,-0.03477007008948796,0,0
ESP,1994,0.0373676118969975,-0.0373676118969975,0,0
ESP,1995,0.04976313450070863,-0.04976313450070863,0,0
ESP,1996,0.050985153660078164,-0.050985153660078164,0,0
ESP,1997,0.058142572786326396,-0.058142572786326396,0,0
ESP,1998,0.06320928296872808,-0.06320928296872808,0,0
ESP,1999,0.0792179851911628,-0.0792179851911628,0,0
ESP,2000,0.07113079433459352,-0.07113079433459352,0,0
ESP,2001,0.09163680674060926,-0.09163680674060926,0,0
ESP,2002,0.09156488506720789,-0.09156488506720789,0,0
ESP,2003,0.09443672555979243,-0.09443672555979243,0,0
ESP,2004,0.0854415473462169,-0.0854415473462169,0,0
ESP,2005,0.08160047853580871,-0.08160047853580871,0,0
ESP,2006,0.07328515688963322,-0.07328515688963322,0,0
ESP,2007,0.07174399423513655,-0.07174399423513655,0,1
ESP,2008,0.058337693033823634,-0.058337693033823634,0,1
ESP,2009,0.020188407549023513,-0.020188407549023513,0,1
ESP,2010,0.046112964740261,-0.046112964740261,0,0
ESP,2011,0.040330707293094015,-0.040330707293094015,0,0
ESP,2012,0.003036287116319425,-0.003036287116319425,0,1
ESP,2013,0.008069520506414407,-0.008069520506414407,0,1
ESP,2014,0.01569195046356009,-0.01569195046356009,0,1
ESP,2015,0.03221751636268527,-0.03221751636268527,0,0
ESP,2016,0.04600275374643498,-0.04600275374643498,0,0
ESP,2017,0.06551295603353735,-0.06551295603353735,0,0
ESP,2018,0.07152736234697099,-0.07152736234697099,0,0
ESP,2019,0.07510961482203515,-0.07510961482203515,0,0
ESP,2020,-0.0402595261820522,0.0402595261820522,1,1
ESP,2021,0.06341338544286002,-0.06341338544286002,0,0
ESP,2022,0.060448854678019526,-0.060448854678019526,0,1
ESP,2023,0.07885432294067146,-0.07885432294067146,0,0
ESP,2024,0.08343680228464484,-0.08343680228464484,0,0
FRA,1990,0.10380595739167647,-0.10380595739167647,0,0
FRA,1991,0.10154876610891383,-0.10154876610891383,0,0
FRA,1992,0.1006867613182828,-0.1006867613182828,0,0
FRA,1993,0.08196507255297258,-0.08196507255297258,0,0
FRA,1994,0.0945608393086177,-0.0945608393086177,0,1
FRA,1995,0.09756605441205896,-0.09756605441205896,0,0
FRA,1996,0.09269918288968865,-0.09269918288968865,0,1
FRA,1997,0.09015630187049756,-0.09015630187049756,0,1
FRA,1998,0.09162267441173622,-0.09162267441173622,0,1
FRA,1999,0.0888683009572559,-0.0888683009572559,0,1
FRA,2000,0.0985491552042036,-0.0985491552042036,0,0
FRA,2001,0.1002278117701233,-0.1002278117701233,0,0
FRA,2002,0.0982989477702722,-0.0982989477702722,0,0
FRA,2003,0.0977042082689803,-0.0977042082689803,0,0
FRA,2004,0.10207187544761664,-0.10207187544761664,0,0
FRA,2005,0.09964614419056578,-0.09964614419056578,0,0
FRA,2006,0.09857144415598279,-0.09857144415598279,0,0
FRA,2007,0.09692298677274364,-0.09692298677274364,0,0
FRA,2008,0.08976536017200909,-0.08976536017200909,0,0
FRA,2009,0.06006855290792701,-0.06006855290792701,0,1
FRA,2010,0.09005577118539199,-0.09005577118539199,0,0
FRA,2011,0.08784955100989572,-0.08784955100989572,0,0
FRA,2012,0.08063867594259905,-0.08063867594259905,0,0
FRA,2013,0.08252270761606317,-0.08252270761606317,0,0
FRA,2014,0.07906693044162016,-0.07906693044162016,0,0
FRA,2015,0.08241971135541848,-0.08241971135541848,0,0
FRA,2016,0.08196153882169699,-0.08196153882169699,0,0
FRA,2017,0.08174595763574577,-0.08174595763574577,0,0
FRA,2018,0.08247511839040844,-0.08247511839040844,0,0
FRA,2019,0.08096260501572022,-0.08096260501572022,0,0
FRA,2020,0.0052450804925781025,-0.0052450804925781025,0,1
FRA,2021,0.06754576791554617,-0.06754576791554617,0,0
FRA,2022,0.07312204645200948,-0.07312204645200948,0,1
FRA,2023,0.07279171466222889,-0.07279171466222889,0,1
FRA,2024,0.07838748717479388,-0.07838748717479388,0,0
GBR,1990,0.09378523092497792,-0.09378523092497792,0,1
GBR,1991,0.08000342265436017,-0.08000342265436017,0,1
GBR,1992,0.09183028293708245,-0.09183028293708245,0,1
GBR,1993,0.09118687103651452,-0.09118687103651452,0,1
GBR,1994,0.0930328703217807,-0.0930328703217807,0,1
GBR,1995,0.09532589421956322,-0.09532589421956322,0,0
GBR,1996,0.09822712492678509,-0.09822712492678509,0,0
GBR,1997,0.09432225038325859,-0.09432225038325859,0,0
GBR,1998,0.0919550885482256,-0.0919550885482256,0,0
GBR,1999,0.08778543246754311,-0.08778543246754311,0,0
GBR,2000,0.07364494572706798,-0.07364494572706798,0,0
GBR,2001,0.09690347693540685,-0.09690347693540685,0,0
GBR,2002,0.09453656515060144,-0.09453656515060144,0,0
GBR,2003,0.09359775262388526,-0.09359775262388526,0,0
GBR,2004,0.0887400740911824,-0.0887400740911824,0,0
GBR,2005,0.0694260173186595,-0.0694260173186595,0,0
GBR,2006,0.07841393271059721,-0.07841393271059721,0,0
GBR,2007,0.07592922394837337,-0.07592922394837337,0,0
GBR,2008,0.053869177651810096,-0.053869177651810096,0,0
GBR,2009,0.018014605704990805,-0.018014605704990805,0,1
GBR,2010,0.07342069937296236,-0.07342069937296236,0,0
GBR,2011,0.07082521848449125,-0.07082521848449125,0,0
GBR,2012,0.06777729721651182,-0.06777729721651182,0,0
GBR,2013,0.06435201102110005,-0.06435201102110005,0,0
GBR,2014,0.07363001802643593,-0.07363001802643593,0,0
GBR,2015,0.06732275406805838,-0.06732275406805838,0,0
GBR,2016,0.029825389853251727,-0.029825389853251727,0,1
GBR,2017,0.07250301446830848,-0.07250301446830848,0,0
GBR,2018,0.06508580004705627,-0.06508580004705627,0,0
GBR,2019,0.07281739075983651,-0.07281739075983651,0,0
GBR,2020,-0.03747993562325641,0.03747993562325641,1,1
GBR,2021,0.052669101657900064,-0.052669101657900064,0,0
GBR,2022,0.058707381090079835,-0.058707381090079835,0,1
GBR,2023,0.05666980164723179,-0.05666980164723179,0,1
GBR,2024,0.0685660259125056,-0.0685660259125056,0,0
GRC,1990,0.068394589843567,-0.068394589843567,0,1
GRC,1991,0.07817613510375337,-0.07817613510375337,0,1
GRC,1992,0.07792625168926587,-0.07792625168926587,0,0
GRC,1993,0.06234340856244186,-0.06234340856244186,0,0
GRC,1994,0.08573450895232015,-0.08573450895232015,0,0
GRC,1995,0.08470713382386996,-0.08470713382386996,0,0
GRC,1996,0.07994054878452928,-0.07994054878452928,0,0
GRC,1997,0.07945162887281926,-0.07945162887281926,0,0
GRC,1998,0.07539790456432405,-0.07539790456432405,0,0
GRC,1999,0.0705124950737529,-0.0705124950737529,0,0
GRC,2000,0.06260871393254042,-0.06260871393254042,0,0
GRC,2001,0.0681729351393765,-0.0681729351393765,0,0
GRC,2002,0.06927079141246634,-0.06927079141246634,0,0
GRC,2003,0.06363625714699833,-0.06363625714699833,0,0
GRC,2004,0.06470590241419877,-0.06470590241419877,0,0
GRC,2005,0.06577642546016516,-0.06577642546016516,0,0
GRC,2006,0.043230578752003146,-0.043230578752003146,0,0
GRC,2007,0.03938691546021439,-0.03938691546021439,0,1
GRC,2008,0.03868845731140452,-0.03868845731140452,0,1
GRC,2009,-0.012241015146591705,0.012241015146591705,1,1
GRC,2010,-0.03625484447652444,0.03625484447652444,1,1
GRC,2011,-0.09609826998951632,0.09609826998951632,1,1
GRC,2012,-0.0816146727252628,0.0816146727252628,1,1
GRC,2013,-0.05040909790652287,0.05040909790652287,1,1
GRC,2014,-0.03674894478317592,0.03674894478317592,1,1
GRC,2015,-0.031714590500803164,0.031714590500803164,1,1
GRC,2016,-0.02433902870944815,0.02433902870944815,1,1
GRC,2017,-0.009939208159029767,0.009939208159029767,1,0
GRC,2018,-0.01160870603593217,0.01160870603593217,1,0
GRC,2019,-0.005745040278844482,0.005745040278844482,1,0
GRC,2020,-0.08564848923128565,0.08564848923128565,1,1
GRC,2021,-0.01990680860428945,0.01990680860428945,1,0
GRC,2022,-0.029768357159843717,0.029768357159843717,1,0
GRC,2023,0.019516521725945257,-0.019516521725945257,0,0
GRC,2024,0.03239744948840578,-0.03239744948840578,0,0
HUN,1990,0.0572319648920348,-0.0572319648920348,0,1
HUN,1991,-0.029611249070501333,0.029611249070501333,1,1
HUN,1992,0.041371095209249975,-0.041371095209249975,0,1
HUN,1993,0.023262379254381738,-0.023262379254381738,0,1
HUN,1994,0.06113295806587804,-0.06113295806587804,0,0
HUN,1995,0.053986821835684484,-0.053986821835684484,0,0
HUN,1996,0.05619127422805148,-0.05619127422805148,0,0
HUN,1997,0.049392692226593815,-0.049392692226593815,0,0
HUN,1998,0.035830333720773266,-0.035830333720773266,0,0
HUN,1999,0.03972023168461686,-0.03972023168461686,0,0
HUN,2000,0.021154146139513108,-0.021154146139513108,0,0
HUN,2001,0.036759728545591674,-0.036759728545591674,0,0
HUN,2002,0.04478976592904077,-0.04478976592904077,0,0
HUN,2003,0.03807523971457005,-0.03807523971457005,0,0
HUN,2004,0.02913705650771431,-0.02913705650771431,0,0
HUN,2005,-0.0053559985991430414,0.0053559985991430414,1,0
HUN,2006,0.0002522901009326395,-0.0002522901009326395,0,0
HUN,2007,-0.0628445756237258,0.0628445756237258,1,0
HUN,2008,-0.05478431957316143,0.05478431957316143,1,0
HUN,2009,-0.034200793663214046,0.034200793663214046,1,1
HUN,2010,-0.013731231761148321,0.013731231761148321,1,0
HUN,2011,0.007513320920299271,-0.007513320920299271,0,0
HUN,2012,-0.01993838054413344,0.01993838054413344,1,0
HUN,2013,0.013005722643273154,-0.013005722643273154,0,0
HUN,2014,0.016539490025284598,-0.016539490025284598,0,0
HUN,2015,0.008492308073940857,-0.008492308073940857,0,0
HUN,2016,-0.04113167881428548,0.04113167881428548,1,0
HUN,2017,0.008927105679999547,-0.008927105679999547,0,0
HUN,2018,-0.011683460225226039,0.011683460225226039,1,0
HUN,2019,-0.03768059326294376,0.03768059326294376,1,0
HUN,2020,-0.06913025842503973,0.06913025842503973,1,1
HUN,2021,-0.025093494753120338,0.025093494753120338,1,0
HUN,2022,-0.058724271115175086,0.058724271115175086,1,0
HUN,2023,-0.03004885367021559,0.03004885367021559,1,0
HUN,2024,0.01405095291212688,-0.01405095291212688,0,0
IDN,1990,0.04631464582708583,-0.04631464582708583,0,0
IDN,1991,0.04859431263904074,-0.04859431263904074,0,0
IDN,1992,0.05693746616745049,-0.05693746616745049,0,0
IDN,1993,0.06189939405791245,-0.06189939405791245,0,0
IDN,1994,0.055788054233637085,-0.055788054233637085,0,0
IDN,1995,0.05144379615732264,-0.05144379615732264,0,0
IDN,1996,0.04844036352182951,-0.04844036352182951,0,0
IDN,1997,0.04758151895267021,-0.04758151895267021,0,0
IDN,1998,-0.10539486779052987,0.10539486779052987,1,1
IDN,1999,-0.01579431452524921,0.01579431452524921,1,0
IDN,2000,0.016230569719346943,-0.016230569719346943,0,0
IDN,2001,-0.028068757931318467,0.028068757931318467,1,0
IDN,2002,-0.02194419633357908,0.02194419633357908,1,0
IDN,2003,0.0005531220554204075,-0.0005531220554204075,0,0
IDN,2004,-0.00010798703506620377,0.00010798703506620377,1,0
IDN,2005,0.006934975673440924,-0.006934975673440924,0,1
IDN,2006,0.008613142521950667,-0.008613142521950667,0,1
IDN,2007,0.007780343765514286,-0.007780343765514286,0,1
IDN,2008,0.0007620203503788114,-0.0007620203503788114,0,0
IDN,2009,0.006640627735022109,-0.006640627735022109,0,0
IDN,2010,0.0175595520452278,-0.0175595520452278,0,0
IDN,2011,0.02246759405206389,-0.02246759405206389,0,0
IDN,2012,0.013966059707214207,-0.013966059707214207,0,0
IDN,2013,0.01495871507128238,-0.01495871507128238,0,0
IDN,2014,0.0040608067047325225,-0.0040608067047325225,0,0
IDN,2015,-0.003798197463850961,0.003798197463850961,1,0
IDN,2016,-0.004771670690855101,0.004771670690855101,1,0
IDN,2017,-0.005830274235180677,0.005830274235180677,1,0
IDN,2018,-0.012035845857367888,0.012035845857367888,1,0
IDN,2019,-0.015188983711551252,0.015188983711551252,1,0
IDN,2020,-0.042912004600328735,0.042912004600328735,1,1
IDN,2021,-0.003347215158892025,0.003347215158892025,1,0
IDN,2022,-0.010202050212936853,0.010202050212936853,1,0
IDN,2023,-0.014496110981602195,0.014496110981602195,1,0
IDN,2024,-0.019915255064211157,0.019915255064211157,1,0
IND,1990,0.04756400806786071,-0.04756400806786071,0,0
IND,1991,0.04644151038654715,-0.04644151038654715,0,1
IND,1992,0.05495925473478669,-0.05495925473478669,0,0
IND,1993,0.0675448981021533,-0.0675448981021533,0,0
IND,1994,0.06318612407461949,-0.06318612407461949,0,0
IND,1995,0.05157547607519114,-0.05157547607519114,0,0
IND,1996,0.06144963164947187,-0.06144963164947187,0,0
IND,1997,0.07819608147395202,-0.07819608147395202,0,0
IND,1998,0.07070086900470607,-0.07070086900470607,0,1
IND,1999,0.03817852692942714,-0.03817852692942714,0,0
IND,2000,0.0845732005067627,-0.0845732005067627,0,0
IND,2001,0.07053312664134637,-0.07053312664134637,0,0
IND,2002,0.07670188936206196,-0.07670188936206196,0,0
IND,2003,0.05904014109218808,-0.05904014109218808,0,0
IND,2004,0.05390696865344913,-0.05390696865344913,0,0
IND,2005,0.043678499430888085,-0.043678499430888085,0,0
IND,2006,0.034221872360618244,-0.034221872360618244,0,0
IND,2007,0.022878611237629853,-0.022878611237629853,0,0
IND,2008,0.04331581048757854,-0.04331581048757854,0,0
IND,2009,0.02673095575329376,-0.02673095575329376,0,0
IND,2010,0.01836765309296373,-0.01836765309296373,0,0
IND,2011,0.03298165091599031,-0.03298165091599031,0,0
IND,2012,0.02929274094913603,-0.02929274094913603,0,1
IND,2013,0.052099687445781584,-0.052099687445781584,0,0
IND,2014,0.05455214744591519,-0.05455214744591519,0,0
IND,2015,0.0535916775406855,-0.0535916775406855,0,0
IND,2016,0.05537728434959788,-0.05537728434959788,0,0
IND,2017,0.060284922303303345,-0.060284922303303345,0,0
IND,2018,0.05678509731476905,-0.05678509731476905,0,0
IND,2019,0.07087196364904724,-0.07087196364904724,0,0
IND,2020,-0.013023215788199871,0.013023215788199871,1,1
IND,2021,0.023169538844816095,-0.023169538844816095,0,0
IND,2022,0.03964736332728375,-0.03964736332728375,0,0
IND,2023,0.019071016596482526,-0.019071016596482526,0,0
IND,2024,0.033731845612509304,-0.033731845612509304,0,0
IRL,1990,0.013685030869529213,-0.013685030869529213,0,1
IRL,1991,0.03737497822733238,-0.03737497822733238,0,1
IRL,1992,0.03420789601358759,-0.03420789601358759,0,0
IRL,1993,0.025402294696200256,-0.025402294696200256,0,0
IRL,1994,0.01705690560048323,-0.01705690560048323,0,0
IRL,1995,-0.0022061335016070327,0.0022061335016070327,1,0
IRL,1996,0.025694863858183647,-0.025694863858183647,0,0
IRL,1997,-0.009868410124079519,0.009868410124079519,1,0
IRL,1998,0.00570837386719153,-0.00570837386719153,0,0
IRL,1999,-0.03560510345134699,0.03560510345134699,1,0
IRL,2000,-0.05509879014820307,0.05509879014820307,1,0
IRL,2001,-0.004322939577601159,0.004322939577601159,1,0
IRL,2002,-0.01658868245962536,0.01658868245962536,1,0
IRL,2003,0.03758517908850745,-0.03758517908850745,0,0
IRL,2004,0.02666448629442325,-0.02666448629442325,0,0
IRL,2005,0.015068136516262987,-0.015068136516262987,0,0
IRL,2006,0.036235495269005324,-0.036235495269005324,0,0
IRL,2007,-0.003202546399363404,0.003202546399363404,1,0
IRL,2008,-0.038476259215553144,0.038476259215553144,1,1
IRL,2009,-0.09892613686040641,0.09892613686040641,1,1
IRL,2010,-0.06155717775616709,0.06155717775616709,1,0
IRL,2011,-0.05385483988493789,0.05385483988493789,1,0
IRL,2012,-0.07696085160861887,0.07696085160861887,1,0
IRL,2013,-0.07502254765252325,0.07502254765252325,1,0
IRL,2014,-0.12407022760386976,0.12407022760386976,1,0
IRL,2015,-0.181568152217796,0.181568152217796,1,0
IRL,2016,-0.13124613338525715,0.13124613338525715,1,0
IRL,2017,-0.14234408075512184,0.14234408075512184,1,0
IRL,2018,-0.10386221630723835,0.10386221630723835,1,0
IRL,2019,-0.14693325785597566,0.14693325785597566,1,1
IRL,2020,-0.15178051728287412,0.15178051728287412,1,0
IRL,2021,-0.14859774786241609,0.14859774786241609,1,0
IRL,2022,-0.10633242547223953,0.10633242547223953,1,1
IRL,2023,-0.1329038255302979,0.1329038255302979,1,1
IRL,2024,-0.09828263631485223,0.09828263631485223,1,0
ITA,1990,0.08019055251783813,-0.08019055251783813,0,0
ITA,1991,0.07376090628321808,-0.07376090628321808,0,0
ITA,1992,0.07665845770447927,-0.07665845770447927,0,0
ITA,1993,0.05497893328158526,-0.05497893328158526,0,0
ITA,1994,0.07141866429879917,-0.07141866429879917,0,0
ITA,1995,0.07343004491280325,-0.07343004491280325,0,0
ITA,1996,0.0701086198486095,-0.0701086198486095,0,0
ITA,1997,0.06781087427479354,-0.06781087427479354,0,0
ITA,1998,0.06963890771312486,-0.06963890771312486,0,0
ITA,1999,0.09212913970276987,-0.09212913970276987,0,0
ITA,2000,0.09993508741486257,-0.09993508741486257,0,0
ITA,2001,0.10310312155747353,-0.10310312155747353,0,0
ITA,2002,0.09824087843611568,-0.09824087843611568,0,0
ITA,2003,0.09830106497689106,-0.09830106497689106,0,0
ITA,2004,0.10470908398695206,-0.10470908398695206,0,0
ITA,2005,0.10360652228024986,-0.10360652228024986,0,0
ITA,2006,0.10369862802461255,-0.10369862802461255,0,0
ITA,2007,0.10214957990855322,-0.10214957990855322,0,0
ITA,2008,0.08277679585866482,-0.08277679585866482,0,0
ITA,2009,0.0364723927854102,-0.0364723927854102,0,1
ITA,2010,0.09378975026737485,-0.09378975026737485,0,0
ITA,2011,0.09213440169766107,-0.09213440169766107,0,0
ITA,2012,0.05767211345905254,-0.05767211345905254,0,1
ITA,2013,0.05755589686579854,-0.05755589686579854,0,0
ITA,2014,0.06759483178304754,-0.06759483178304754,0,1
ITA,2015,0.0804491531063361,-0.0804491531063361,0,0
ITA,2016,0.08398354984178547,-0.08398354984178547,0,0
ITA,2017,0.08677417114622465,-0.08677417114622465,0,0
ITA,2018,0.08613484461938897,-0.08613484461938897,0,0
ITA,2019,0.08523487847691336,-0.08523487847691336,0,0
ITA,2020,-0.013885250218772738,0.013885250218772738,1,1
ITA,2021,0.059487963519180675,-0.059487963519180675,0,0
ITA,2022,0.0773526273777847,-0.0773526273777847,0,1
ITA,2023,0.08821981818979241,-0.08821981818979241,0,0
ITA,2024,0.08740546951233935,-0.08740546951233935,0,0
JPN,1990,0.017143661921639575,-0.017143661921639575,0,0
JPN,1991,0.017278067384558615,-0.017278067384558615,0,1
JPN,1992,0.013097807564411312,-0.013097807564411312,0,0
JPN,1993,0.005882317817091642,-0.005882317817091642,0,0
JPN,1994,0.018296370082129643,-0.018296370082129643,0,0
JPN,1995,0.021717696421157118,-0.021717696421157118,0,0
JPN,1996,0.022507125795416194,-0.022507125795416194,0,0
JPN,1997,0.021244587156728834,-0.021244587156728834,0,0
JPN,1998,0.008548199123439182,-0.008548199123439182,0,0
JPN,1999,0.016106805869414764,-0.016106805869414764,0,0
JPN,2000,0.029940987609663183,-0.029940987609663183,0,0
JPN,2001,0.02510509807347533,-0.02510509807347533,0,0
JPN,2002,0.026697846112815005,-0.026697846112815005,0,1
JPN,2003,0.01814677798869807,-0.01814677798869807,0,1
JPN,2004,0.021730357221702468,-0.021730357221702468,0,0
JPN,2005,0.025237225553798814,-0.025237225553798814,0,0
JPN,2006,0.029312129646508145,-0.029312129646508145,0,0
JPN,2007,0.030140280630405858,-0.030140280630405858,0,0
JPN,2008,0.018635476793164685,-0.018635476793164685,0,0
JPN,2009,-0.03398494419148246,0.03398494419148246,1,1
JPN,2010,0.02372331942327044,-0.02372331942327044,0,0
JPN,2011,0.01575927481247902,-0.01575927481247902,0,0
JPN,2012,0.025575567922573816,-0.025575567922573816,0,0
JPN,2013,0.029493824147526604,-0.029493824147526604,0,0
JPN,2014,0.02931465346267148,-0.02931465346267148,0,0
JPN,2015,0.029623734913642064,-0.029623734913642064,0,0
JPN,2016,0.02140182589523193,-0.02140182589523193,0,0
JPN,2017,0.02082660064333447,-0.02082660064333447,0,0
JPN,2018,0.022188672037250223,-0.022188672037250223,0,0
JPN,2019,0.006292784516590044,-0.006292784516590044,0,0
JPN,2020,-0.029108740430282942,0.029108740430282942,1,1
JPN,2021,0.016176219004237047,-0.016176219004237047,0,0
JPN,2022,0.03537503196002717,-0.03537503196002717,0,0
JPN,2023,0.02558910583890006,-0.02558910583890006,0,1
JPN,2024,0.0267632407309088,-0.0267632407309088,0,0
KEN,1990,0.0763641787726197,-0.0763641787726197,0,0
KEN,1991,0.0744553440661922,-0.0744553440661922,0,0
KEN,1992,0.03371900153858881,-0.03371900153858881,0,0
KEN,1993,0.011638203210291798,-0.011638203210291798,0,1
KEN,1994,0.0427328992631647,-0.0427328992631647,0,0
KEN,1995,0.047979120706764244,-0.047979120706764244,0,1
KEN,1996,0.05888196740078022,-0.05888196740078022,0,0
KEN,1997,0.0173830954342184,-0.0173830954342184,0,0
KEN,1998,0.04051360874055593,-0.04051360874055593,0,1
KEN,1999,0.031351462275639674,-0.031351462275639674,0,1
KEN,2000,0.054551430697399816,-0.054551430697399816,0,0
KEN,2001,0.062231686241378426,-0.062231686241378426,0,0
KEN,2002,0.032107942466121586,-0.032107942466121586,0,0
KEN,2003,0.05445760833082752,-0.05445760833082752,0,0
KEN,2004,0.05465097804033009,-0.05465097804033009,0,0
KEN,2005,0.05954334670400635,-0.05954334670400635,0,0
KEN,2006,0.07227035376622049,-0.07227035376622049,0,0
KEN,2007,0.07885737757719574,-0.07885737757719574,0,0
KEN,2008,0.04454802428992183,-0.04454802428992183,0,0
KEN,2009,0.05328357286008578,-0.05328357286008578,0,0
KEN,2010,0.033429669701518505,-0.033429669701518505,0,0
KEN,2011,0.04022916325298714,-0.04022916325298714,0,0
KEN,2012,0.04521635582746503,-0.04521635582746503,0,0
KEN,2013,0.0458081090064249,-0.0458081090064249,0,0
KEN,2014,0.040667741608366836,-0.040667741608366836,0,0
KEN,2015,0.046791223610890054,-0.046791223610890054,0,0
KEN,2016,0.05974701963180146,-0.05974701963180146,0,0
KEN,2017,0.05170390035382433,-0.05170390035382433,0,0
KEN,2018,0.05456699979632024,-0.05456699979632024,0,0
KEN,2019,0.051274031232585726,-0.051274031232585726,0,1
KEN,2020,0.03691067976586809,-0.03691067976586809,0,1
KEN,2021,0.03812647855238821,-0.03812647855238821,0,1
KEN,2022,0.06656339045765458,-0.06656339045765458,0,1
KEN,2023,0.05845541769910917,-0.05845541769910917,0,1
KEN,2024,0.0610010595218769,-0.0610010595218769,0,1
KOR,1990,-0.008288044022362662,0.008288044022362662,1,1
KOR,1991,-0.0313469789110668,0.0313469789110668,1,1
KOR,1992,0.02657912584331673,-0.02657912584331673,0,0
KOR,1993,0.030751331979329777,-0.030751331979329777,0,0
KOR,1994,-0.0005875186716837177,0.0005875186716837177,1,0
KOR,1995,-0.0052307290356750635,0.0052307290356750635,1,0
KOR,1996,0.014066568520929967,-0.014066568520929967,0,1
KOR,1997,0.036876864736099024,-0.036876864736099024,0,0
KOR,1998,-0.026370684217570273,0.026370684217570273,1,1
KOR,1999,-0.00893165407258123,0.00893165407258123,1,1
KOR,2000,0.03241247045238005,-0.03241247045238005,0,0
KOR,2001,0.06416556920109523,-0.06416556920109523,0,0
KOR,2002,0.05307041441857829,-0.05307041441857829,0,0
KOR,2003,0.06350495692038743,-0.06350495692038743,0,0
KOR,2004,0.04619187007943265,-0.04619187007943265,0,0
KOR,2005,0.05460359653762081,-0.05460359653762081,0,0
KOR,2006,0.04563599698025145,-0.04563599698025145,0,0
KOR,2007,0.040076052628823244,-0.040076052628823244,0,0
KOR,2008,0.038443679322375635,-0.038443679322375635,0,0
KOR,2009,0.04376458797376109,-0.04376458797376109,0,0
KOR,2010,0.01861665610906854,-0.01861665610906854,0,0
KOR,2011,0.010225070717685136,-0.010225070717685136,0,0
KOR,2012,0.016448271597384656,-0.016448271597384656,0,0
KOR,2013,0.014876375484098758,-0.014876375484098758,0,0
KOR,2014,0.027421885153381398,-0.027421885153381398,0,0
KOR,2015,0.02851738623854233,-0.02851738623854233,0,0
KOR,2016,0.034568794489504395,-0.034568794489504395,0,0
KOR,2017,0.026593866578394243,-0.026593866578394243,0,0
KOR,2018,0.030190358985868526,-0.030190358985868526,0,0
KOR,2019,0.04346543366835193,-0.04346543366835193,0,0
KOR,2020,0.02229532054551847,-0.02229532054551847,0,0
KOR,2021,0.02711442143231607,-0.02711442143231607,0,0
KOR,2022,0.02929650294181052,-0.02929650294181052,0,0
KOR,2023,0.03571034359485825,-0.03571034359485825,0,0
KOR,2024,0.02867014267678475,-0.02867014267678475,0,0
LKA,1990,0.046157493100314695,-0.046157493100314695,0,1
LKA,1991,0.055019511829757894,-0.055019511829757894,0,1
LKA,1992,0.07037462336026945,-0.07037462336026945,0,1
LKA,1993,0.05622716271833372,-0.05622716271833372,0,1
LKA,1994,0.049943603635266676,-0.049943603635266676,0,1
LKA,1995,0.06314510727120798,-0.06314510727120798,0,0
LKA,1996,0.0738311928532378,-0.0738311928532378,0,0
LKA,1997,0.0741911188486527,-0.0741911188486527,0,0
LKA,1998,0.09070234339136185,-0.09070234339136185,0,0
LKA,1999,0.08358009042209613,-0.08358009042209613,0,0
LKA,2000,0.06473296731475986,-0.06473296731475986,0,0
LKA,2001,0.06987631058726451,-0.06987631058726451,0,0
LKA,2002,0.08543875376783516,-0.08543875376783516,0,0
LKA,2003,0.08183680811625732,-0.08183680811625732,0,0
LKA,2004,0.07731564535123975,-0.07731564535123975,0,0
LKA,2005,0.07651569226085903,-0.07651569226085903,0,0
LKA,2006,0.058985718319888025,-0.058985718319888025,0,0
LKA,2007,0.0713902894886903,-0.0713902894886903,0,0
LKA,2008,0.051231517516088954,-0.051231517516088954,0,1
LKA,2009,0.10306398763264935,-0.10306398763264935,0,0
LKA,2010,0.07583271450676377,-0.07583271450676377,0,0
LKA,2011,0.05686074137651714,-0.05686074137651714,0,0
LKA,2012,0.054026938547003744,-0.054026938547003744,0,0
LKA,2013,0.07027474406048406,-0.07027474406048406,0,0
LKA,2014,0.07270354657562417,-0.07270354657562417,0,0
LKA,2015,0.07346244804596919,-0.07346244804596919,0,0
LKA,2016,0.06446474345761555,-0.06446474345761555,0,0
LKA,2017,0.04124118024808149,-0.04124118024808149,0,0
LKA,2018,0.05490586206614595,-0.05490586206614595,0,0
LKA,2019,0.061586031914391826,-0.061586031914391826,0,0
LKA,2020,0.01984276731548007,-0.01984276731548007,0,1
LKA,2021,0.05386224476752022,-0.05386224476752022,0,0
LKA,2022,-0.01167515470944469,0.01167515470944469,1,1
LKA,2023,0.059062163403184764,-0.059062163403184764,0,1
LKA,2024,0.08363395128108364,-0.08363395128108364,0,0
MEX,1990,0.086178255065331,-0.086178255065331,0,0
MEX,1991,0.08123984190378675,-0.08123984190378675,0,0
MEX,1992,0.07337098138646503,-0.07337098138646503,0,1
MEX,1993,0.07055522816571624,-0.07055522816571624,0,0
MEX,1994,0.08009474644251502,-0.08009474644251502,0,1
MEX,1995,0.01112865396904178,-0.01112865396904178,0,1
MEX,1996,0.07817883969501604,-0.07817883969501604,0,1
MEX,1997,0.07580851845922465,-0.07580851845922465,0,0
MEX,1998,0.08558736622907281,-0.08558736622907281,0,0
MEX,1999,0.08447063923032799,-0.08447063923032799,0,0
MEX,2000,0.0917511997233964,-0.0917511997233964,0,0
MEX,2001,0.07815372455305564,-0.07815372455305564,0,0
MEX,2002,0.08521438525696767,-0.08521438525696767,0,0
MEX,2003,0.09822652573384894,-0.09822652573384894,0,0
MEX,2004,0.10187627885092526,-0.10187627885092526,0,0
MEX,2005,0.10136119280348754,-0.10136119280348754,0,0
MEX,2006,0.09778259987861565,-0.09778259987861565,0,0
MEX,2007,0.0993046711226045,-0.0993046711226045,0,0
MEX,2008,0.09587954756122441,-0.09587954756122441,0,0
MEX,2009,0.03050050054857667,-0.03050050054857667,0,1
MEX,2010,0.10059905580393386,-0.10059905580393386,0,0
MEX,2011,0.09887754511406344,-0.09887754511406344,0,0
MEX,2012,0.0958791476274613,-0.0958791476274613,0,0
MEX,2013,0.0827293750517174,-0.0827293750517174,0,0
MEX,2014,0.08823491822796692,-0.08823491822796692,0,0
MEX,2015,0.08799958636758543,-0.08799958636758543,0,0
MEX,2016,0.08233749940747626,-0.08233749940747626,0,0
MEX,2017,0.0807148560635747,-0.0807148560635747,0,0
MEX,2018,0.07523239566590345,-0.07523239566590345,0,0
MEX,2019,0.06775927791155628,-0.06775927791155628,0,0
MEX,2020,-0.012684547031318882,0.012684547031318882,1,1
MEX,2021,0.06349837317352264,-0.06349837317352264,0,0
MEX,2022,0.07089117274000117,-0.07089117274000117,0,0
MEX,2023,0.07772135037279931,-0.07772135037279931,0,0
MEX,2024,0.07633923180316432,-0.07633923180316432,0,0
MYS,1990,0.01781390238698788,-0.01781390238698788,0,0
MYS,1991,-0.05749396539499485,0.05749396539499485,1,0
MYS,1992,-0.009355352647020365,0.009355352647020365,1,0
MYS,1993,-0.042756259663091545,0.042756259663091545,1,0
MYS,1994,-0.07029354024457446,0.07029354024457446,1,0
MYS,1995,-0.10517485716547215,0.10517485716547215,1,0
MYS,1996,-0.08396387136333405,0.08396387136333405,1,0
MYS,1997,-0.08290989590621267,0.08290989590621267,1,0
MYS,1998,-0.13148363330186164,0.13148363330186164,1,1
MYS,1999,-0.08344242032144789,0.08344242032144789,1,0
MYS,2000,-0.08834438733807903,0.08834438733807903,1,0
MYS,2001,-0.0603958545556591,0.0603958545556591,1,0
MYS,2002,-0.03792824903686287,0.03792824903686287,1,0
MYS,2003,-0.05080942683679435,0.05080942683679435,1,0
MYS,2004,-0.06831053648474494,0.06831053648474494,1,0
MYS,2005,-0.05036111738259891,0.05036111738259891,1,0
MYS,2006,-0.05618532515131447,0.05618532515131447,1,0
MYS,2007,-0.04170397300458312,0.04170397300458312,1,0
MYS,2008,-0.020251817303230113,0.020251817303230113,1,1
MYS,2009,-0.04129628588190043,0.04129628588190043,1,0
MYS,2010,0.009344720267607354,-0.009344720267607354,0,0
MYS,2011,0.017079241275273938,-0.017079241275273938,0,0
MYS,2012,0.045443706397366224,-0.045443706397366224,0,0
MYS,2013,0.05626129681537595,-0.05626129681537595,0,0
MYS,2014,0.05579735800700841,-0.05579735800700841,0,0
MYS,2015,0.07230218076529138,-0.07230218076529138,0,0
MYS,2016,0.07786163611979519,-0.07786163611979519,0,0
MYS,2017,0.0672803432856034,-0.0672803432856034,0,0
MYS,2018,0.0704640966999488,-0.0704640966999488,0,0
MYS,2019,0.07143066242772517,-0.07143066242772517,0,0
MYS,2020,0.003704984660976629,-0.003704984660976629,0,1
MYS,2021,0.05818191490772234,-0.05818191490772234,0,1
MYS,2022,0.027522461254564812,-0.027522461254564812,0,0
MYS,2023,0.06597499476564839,-0.06597499476564839,0,0
MYS,2024,0.057016705096680886,-0.057016705096680886,0,0
NGA,1990,0.028345107258152646,-0.028345107258152646,0,0
NGA,1991,0.07607637343946122,-0.07607637343946122,0,0
NGA,1992,0.08062212004268576,-0.08062212004268576,0,0
NGA,1993,0.009527261165972356,-0.009527261165972356,0,1
NGA,1994,0.019674375077623873,-0.019674375077623873,0,1
NGA,1995,-0.00231641186542042,0.00231641186542042,1,1
NGA,1996,0.06294827827859012,-0.06294827827859012,0,0
NGA,1997,0.09410765551462091,-0.09410765551462091,0,0
NGA,1998,0.08728370189587875,-0.08728370189587875,0,0
NGA,1999,0.08056016182953407,-0.08056016182953407,0,0
NGA,2000,0.07728464237674204,-0.07728464237674204,0,0
NGA,2001,0.04878116339601318,-0.04878116339601318,0,0
NGA,2002,-0.005128746858149957,0.005128746858149957,1,0
NGA,2003,0.07879237243585685,-0.07879237243585685,0,0
NGA,2004,0.01520053284438827,-0.01520053284438827,0,0
NGA,2005,-0.012872900104834217,0.012872900104834217,1,0
NGA,2006,0.056696453517757706,-0.056696453517757706,0,0
NGA,2007,0.05747655965431986,-0.05747655965431986,0,0
NGA,2008,0.06467021826639874,-0.06467021826639874,0,0
NGA,2009,0.06395807925830044,-0.06395807925830044,0,0
NGA,2010,0.015475424946418737,-0.015475424946418737,0,0
NGA,2011,0.05484908172328673,-0.05484908172328673,0,0
NGA,2012,0.027601943287176245,-0.027601943287176245,0,0
NGA,2013,0.06530319360687609,-0.06530319360687609,0,0
NGA,2014,0.08006864783263495,-0.08006864783263495,0,0
NGA,2015,0.044641912735203904,-0.044641912735203904,0,0
NGA,2016,0.03724164589126444,-0.03724164589126444,0,0
NGA,2017,0.07090464871496688,-0.07090464871496688,0,0
NGA,2018,0.07275461024625773,-0.07275461024625773,0,1
NGA,2019,0.07299380074380735,-0.07299380074380735,0,1
NGA,2020,0.0020137226528288976,-0.0020137226528288976,0,1
NGA,2021,0.06563846297217846,-0.06563846297217846,0,1
NGA,2022,0.07374341053152506,-0.07374341053152506,0,0
NGA,2023,0.058352295268317755,-0.058352295268317755,0,0
NGA,2024,0.043309814555307746,-0.043309814555307746,0,0
NLD,1990,0.08561503806446669,-0.08561503806446669,0,1
NLD,1991,0.08597871978440252,-0.08597871978440252,0,1
NLD,1992,0.0871910061512422,-0.0871910061512422,0,0
NLD,1993,0.08297924317425148,-0.08297924317425148,0,0
NLD,1994,0.08642493235482707,-0.08642493235482707,0,0
NLD,1995,0.08192210787283405,-0.08192210787283405,0,0
NLD,1996,0.08115410520481237,-0.08115410520481237,0,0
NLD,1997,0.07749328872387207,-0.07749328872387207,0,0
NLD,1998,0.07545702491436251,-0.07545702491436251,0,0
NLD,1999,0.06810013604253679,-0.06810013604253679,0,0
NLD,2000,0.04881445265495282,-0.04881445265495282,0,0
NLD,2001,0.054437780782970346,-0.054437780782970346,0,0
NLD,2002,0.06424654709198391,-0.06424654709198391,0,0
NLD,2003,0.06211900287909894,-0.06211900287909894,0,0
NLD,2004,0.03541129539988386,-0.03541129539988386,0,0
NLD,2005,0.024178280340222902,-0.024178280340222902,0,0
NLD,2006,-0.0033701455300466088,0.0033701455300466088,1,0
NLD,2007,-0.007119979056519898,0.007119979056519898,1,0
NLD,2008,0.029848172587490618,-0.029848172587490618,0,0
NLD,2009,-0.015103352489012845,0.015103352489012845,1,1
NLD,2010,0.03896483398092465,-0.03896483398092465,0,0
NLD,2011,-0.016837589105550277,0.016837589105550277,1,0
NLD,2012,-0.02061948034240846,0.02061948034240846,1,0
NLD,2013,-0.024068873970332527,0.024068873970332527,1,0
NLD,2014,-0.0068510827548939335,0.0068510827548939335,1,1
NLD,2015,-0.05296131994642972,0.05296131994642972,1,0
NLD,2016,-0.019443776403164303,0.019443776403164303,1,0
NLD,2017,-0.010699299520689265,0.010699299520689265,1,0
NLD,2018,-0.028987882491649686,0.028987882491649686,1,0
NLD,2019,-0.007869817267326107,0.007869817267326107,1,0
NLD,2020,-0.0484038825717667,0.0484038825717667,1,1
NLD,2021,-0.023834117728552096,0.023834117728552096,1,0
NLD,2022,-0.025160752242929574,0.025160752242929574,1,1
NLD,2023,-0.05321058931228173,0.05321058931228173,1,0
NLD,2024,0.007004481910145077,-0.007004481910145077,0,0
NOR,1990,0.09410961053885525,-0.09410961053885525,0,0
NOR,1991,0.0892980948303686,-0.0892980948303686,0,0
NOR,1992,0.0885456771196998,-0.0885456771196998,0,1
NOR,1993,0.09523594303840965,-0.09523594303840965,0,1
NOR,1994,0.08961329809300161,-0.08961329809300161,0,0
NOR,1995,0.09505816679740325,-0.09505816679740325,0,1
NOR,1996,0.0790238972531882,-0.0790238972531882,0,0
NOR,1997,0.07980354556955316,-0.07980354556955316,0,0
NOR,1998,0.0823489535815532,-0.0823489535815532,0,0
NOR,1999,0.08221974907448437,-0.08221974907448437,0,0
NOR,2000,0.05022975281447989,-0.05022975281447989,0,0
NOR,2001,0.04821161365504234,-0.04821161365504234,0,0
NOR,2002,0.05613028105651108,-0.05613028105651108,0,0
NOR,2003,0.05463728027880527,-0.05463728027880527,0,0
NOR,2004,0.0566627748588614,-0.0566627748588614,0,0
NOR,2005,0.046647674698598374,-0.046647674698598374,0,0
NOR,2006,0.04349961922262946,-0.04349961922262946,0,0
NOR,2007,0.03289647677348628,-0.03289647677348628,0,0
NOR,2008,0.010278848364003779,-0.010278848364003779,0,0
NOR,2009,0.024283694205758155,-0.024283694205758155,0,0
NOR,2010,0.041976973644019755,-0.041976973644019755,0,0
NOR,2011,0.034003970119502236,-0.034003970119502236,0,0
NOR,2012,0.03254600296604071,-0.03254600296604071,0,0
NOR,2013,0.03200150871167473,-0.03200150871167473,0,0
NOR,2014,0.04431580881403352,-0.04431580881403352,0,0
NOR,2015,0.05880564853246284,-0.05880564853246284,0,0
NOR,2016,0.04335748935117195,-0.04335748935117195,0,0
NOR,2017,0.06447011049412349,-0.06447011049412349,0,0
NOR,2018,0.03325228471535352,-0.03325228471535352,0,0
NOR,2019,0.04903959729302976,-0.04903959729302976,0,0
NOR,2020,0.030500831574888254,-0.030500831574888254,0,0
NOR,2021,0.026902072135612298,-0.026902072135612298,0,0
NOR,2022,-0.02840180520551644,0.02840180520551644,1,1
NOR,2023,-0.0012582847889313076,0.0012582847889313076,1,1
NOR,2024,0.02673425642207433,-0.02673425642207433,0,0
NZL,1990,0.08553317039135155,-0.08553317039135155,0,1
NZL,1991,0.061282718852300744,-0.061282718852300744,0,1
NZL,1992,0.08650003280293206,-0.08650003280293206,0,1
NZL,1993,0.08277965862974512,-0.08277965862974512,0,1
NZL,1994,0.09479157375601638,-0.09479157375601638,0,0
NZL,1995,0.0977137542981476,-0.0977137542981476,0,0
NZL,1996,0.0990509652923321,-0.0990509652923321,0,0
NZL,1997,0.10069014073942645,-0.10069014073942645,0,0
NZL,1998,0.09797091878405118,-0.09797091878405118,0,0
NZL,1999,0.08976527982065674,-0.08976527982065674,0,0
NZL,2000,0.08652007781068544,-0.08652007781068544,0,0
NZL,2001,0.0999103825628348,-0.0999103825628348,0,0
NZL,2002,0.09802119184458696,-0.09802119184458696,0,0
NZL,2003,0.08928159068996927,-0.08928159068996927,0,0
NZL,2004,0.0981674668860032,-0.0981674668860032,0,0
NZL,2005,0.08667803784115075,-0.08667803784115075,0,0
NZL,2006,0.08734992140713244,-0.08734992140713244,0,0
NZL,2007,0.08716388397188735,-0.08716388397188735,0,0
NZL,2008,0.06465653754905981,-0.06465653754905981,0,1
NZL,2009,0.08534830887671885,-0.08534830887671885,0,0
NZL,2010,0.09181852273343,-0.09181852273343,0,0
NZL,2011,0.09675164929982666,-0.09675164929982666,0,0
NZL,2012,0.09135764171061372,-0.09135764171061372,0,0
NZL,2013,0.09479387572034459,-0.09479387572034459,0,0
NZL,2014,0.09888946955406769,-0.09888946955406769,0,0
NZL,2015,0.095566804082522,-0.095566804082522,0,0
NZL,2016,0.09290386862306799,-0.09290386862306799,0,0
NZL,2017,0.09660615296757796,-0.09660615296757796,0,0
NZL,2018,0.09322293780969437,-0.09322293780969437,0,0
NZL,2019,0.09452867230097795,-0.09452867230097795,0,0
NZL,2020,0.0768158183034689,-0.0768158183034689,0,0
NZL,2021,0.07723764741731076,-0.07723764741731076,0,0
NZL,2022,0.06422405544456866,-0.06422405544456866,0,1
NZL,2023,0.0745831301972329,-0.0745831301972329,0,1
NZL,2024,0.08537373870155474,-0.08537373870155474,0,0
PAK,1990,0.06726487792146185,-0.06726487792146185,0,0
PAK,1991,0.07546182286056169,-0.07546182286056169,0,0
PAK,1992,0.062425151616073704,-0.062425151616073704,0,0
PAK,1993,0.05947323666442389,-0.05947323666442389,0,0
PAK,1994,0.07509935765009107,-0.07509935765009107,0,0
PAK,1995,0.06828332511284546,-0.06828332511284546,0,0
PAK,1996,0.05658335634796047,-0.05658335634796047,0,0
PAK,1997,0.0627322692090781,-0.0627322692090781,0,0
PAK,1998,0.06863696021216331,-0.06863696021216331,0,0
PAK,1999,0.05889446498030837,-0.05889446498030837,0,0
PAK,2000,0.027563215197479507,-0.027563215197479507,0,0
PAK,2001,0.0307338655681621,-0.0307338655681621,0,0
PAK,2002,0.027906379952996718,-0.027906379952996718,0,0
PAK,2003,0.03220119390894016,-0.03220119390894016,0,0
PAK,2004,0.014026682301565785,-0.014026682301565785,0,0
PAK,2005,0.03285659994815038,-0.03285659994815038,0,0
PAK,2006,0.056424327776130656,-0.056424327776130656,0,0
PAK,2007,0.04898098874737755,-0.04898098874737755,0,0
PAK,2008,0.019351866397963935,-0.019351866397963935,0,1
PAK,2009,0.05301888381221209,-0.05301888381221209,0,0
PAK,2010,0.04193111496725305,-0.04193111496725305,0,0
PAK,2011,0.04667406867215235,-0.04667406867215235,0,0
PAK,2012,0.05706481826354609,-0.05706481826354609,0,0
PAK,2013,0.06036966353475698,-0.06036966353475698,0,0
PAK,2014,0.05158766105186213,-0.05158766105186213,0,0
PAK,2015,0.052580002327402675,-0.052580002327402675,0,0
PAK,2016,0.026445724493597833,-0.026445724493597833,0,0
PAK,2017,0.04123253987800091,-0.04123253987800091,0,0
PAK,2018,0.03561708507648054,-0.03561708507648054,0,0
PAK,2019,0.05311151842686557,-0.05311151842686557,0,0
PAK,2020,0.028156391816783644,-0.028156391816783644,0,1
PAK,2021,0.03287419137850539,-0.03287419137850539,0,1
PAK,2022,0.04624661097558114,-0.04624661097558114,0,1
PAK,2023,0.023865427431445763,-0.023865427431445763,0,1
PAK,2024,0.043975617355222985,-0.043975617355222985,0,1
PER,1990,-0.12491169947861869,0.12491169947861869,1,1
PER,1991,-0.02091230768845259,0.02091230768845259,1,0
PER,1992,0.015335240918281146,-0.015335240918281146,0,0
PER,1993,0.043892489390093825,-0.043892489390093825,0,0
PER,1994,-0.01081319592140273,0.01081319592140273,1,0
PER,1995,0.04736563547970818,-0.04736563547970818,0,1
PER,1996,0.06219919575600802,-0.06219919575600802,0,0
PER,1997,0.0796860651372353,-0.0796860651372353,0,0
PER,1998,0.06617442645407501,-0.06617442645407501,0,0
PER,1999,0.08882310498902268,-0.08882310498902268,0,0
PER,2000,0.09583594492822373,-0.09583594492822373,0,0
PER,2001,0.08503386017804565,-0.08503386017804565,0,0
PER,2002,0.07925472896082636,-0.07925472896082636,0,0
PER,2003,0.09090676700953076,-0.09090676700953076,0,0
PER,2004,0.09249283187875229,-0.09249283187875229,0,0
PER,2005,0.08938209666763808,-0.08938209666763808,0,0
PER,2006,0.08316077101229197,-0.08316077101229197,0,0
PER,2007,0.07794546192507279,-0.07794546192507279,0,0
PER,2008,0.05862908886627438,-0.05862908886627438,0,0
PER,2009,0.09231072301257515,-0.09231072301257515,0,0
PER,2010,0.07553868298271871,-0.07553868298271871,0,0
PER,2011,0.09310758299866112,-0.09310758299866112,0,0
PER,2012,0.08532048720693897,-0.08532048720693897,0,0
PER,2013,0.08650306127638069,-0.08650306127638069,0,0
PER,2014,0.09804442695293875,-0.09804442695293875,0,0
PER,2015,0.09511034792459855,-0.09511034792459855,0,0
PER,2016,0.10074375147573833,-0.10074375147573833,0,0
PER,2017,0.10241371499624885,-0.10241371499624885,0,0
PER,2018,0.10154125133269454,-0.10154125133269454,0,0
PER,2019,0.10122348942735732,-0.10122348942735732,0,0
PER,2020,-0.025499613986179837,0.025499613986179837,1,1
PER,2021,0.020659055848726737,-0.020659055848726737,0,0
PER,2022,0.09387475415049895,-0.09387475415049895,0,0
PER,2023,0.08700740834446763,-0.08700740834446763,0,0
PER,2024,0.09809813892005714,-0.09809813892005714,0,0
PHL,1990,0.0729341067563703,-0.0729341067563703,0,0
PHL,1991,0.0513137880596215,-0.0513137880596215,0,1
PHL,1992,0.06745645634494563,-0.06745645634494563,0,0
PHL,1993,0.07679339737423257,-0.07679339737423257,0,0
PHL,1994,0.08042112962704162,-0.08042112962704162,0,0
PHL,1995,0.07964880765415494,-0.07964880765415494,0,0
PHL,1996,0.0770725288023254,-0.0770725288023254,0,0
PHL,1997,0.07446493858103792,-0.07446493858103792,0,0
PHL,1998,0.04391145984019379,-0.04391145984019379,0,0
PHL,1999,0.05184774413856119,-0.05184774413856119,0,0
PHL,2000,0.05388537860876835,-0.05388537860876835,0,0
PHL,2001,0.059463881042580324,-0.059463881042580324,0,0
PHL,2002,0.06471316850438869,-0.06471316850438869,0,0
PHL,2003,0.06187723515747262,-0.06187723515747262,0,0
PHL,2004,0.05797820678518534,-0.05797820678518534,0,0
PHL,2005,0.06445497337470202,-0.06445497337470202,0,0
PHL,2006,0.05609337986635904,-0.05609337986635904,0,0
PHL,2007,0.04907229465138224,-0.04907229465138224,0,0
PHL,2008,0.07189255836936165,-0.07189255836936165,0,0
PHL,2009,0.0628899637717168,-0.0628899637717168,0,0
PHL,2010,0.06370146723769965,-0.06370146723769965,0,0
PHL,2011,0.07904111255218416,-0.07904111255218416,0,0
PHL,2012,0.06961150436768004,-0.06961150436768004,0,0
PHL,2013,0.06982168613079237,-0.06982168613079237,0,0
PHL,2014,0.07234874270128294,-0.07234874270128294,0,0
PHL,2015,0.07472223396306155,-0.07472223396306155,0,0
PHL,2016,0.07065052266262611,-0.07065052266262611,0,0
PHL,2017,0.07323432193950924,-0.07323432193950924,0,0
PHL,2018,0.07203931471329905,-0.07203931471329905,0,0
PHL,2019,0.07952106612428411,-0.07952106612428411,0,0
PHL,2020,-0.023971229951606665,0.023971229951606665,1,1
PHL,2021,0.08141869942057228,-0.08141869942057228,0,0
PHL,2022,0.064066969402224,-0.064066969402224,0,0
PHL,2023,0.08228200201015229,-0.08228200201015229,0,0
PHL,2024,0.07556374427564977,-0.07556374427564977,0,0
POL,1990,-0.09364240434721693,0.09364240434721693,1,1
POL,1991,-0.023535107270386157,0.023535107270386157,1,1
POL,1992,0.06223502928215996,-0.06223502928215996,0,0
POL,1993,0.059617491820526336,-0.059617491820526336,0,0
POL,1994,0.05994772897481088,-0.05994772897481088,0,0
POL,1995,0.04893101220227403,-0.04893101220227403,0,0
POL,1996,0.0741448356623714,-0.0741448356623714,0,0
POL,1997,0.08365113510328953,-0.08365113510328953,0,0
POL,1998,0.08909925488595466,-0.08909925488595466,0,0
POL,1999,0.07680838560821446,-0.07680838560821446,0,0
POL,2000,0.06035629572054996,-0.06035629572054996,0,0
POL,2001,0.06011103937665224,-0.06011103937665224,0,1
POL,2002,0.04709742020549185,-0.04709742020549185,0,1
POL,2003,0.04227555174606834,-0.04227555174606834,0,1
POL,2004,0.022318050125728184,-0.022318050125728184,0,1
POL,2005,0.05917469413873766,-0.05917469413873766,0,0
POL,2006,0.0508990564715639,-0.0508990564715639,0,0
POL,2007,0.05870352218239333,-0.05870352218239333,0,0
POL,2008,0.0786365820278408,-0.0786365820278408,0,0
POL,2009,0.089305053272283,-0.089305053272283,0,0
POL,2010,0.07510201098643443,-0.07510201098643443,0,0
POL,2011,0.06903152350245206,-0.06903152350245206,0,0
POL,2012,0.07422515398081247,-0.07422515398081247,0,0
POL,2013,0.0636937604207487,-0.0636937604207487,0,0
POL,2014,0.0716563389453741,-0.0716563389453741,0,0
POL,2015,0.07993258934650788,-0.07993258934650788,0,0
POL,2016,0.07700860861541747,-0.07700860861541747,0,0
POL,2017,0.07038235055392666,-0.07038235055392666,0,0
POL,2018,0.06760585002235614,-0.06760585002235614,0,0
POL,2019,0.0737229466815999,-0.0737229466815999,0,0
POL,2020,0.04693788958455519,-0.04693788958455519,0,1
POL,2021,0.045980222274335125,-0.045980222274335125,0,0
POL,2022,0.039522190442658145,-0.039522190442658145,0,0
POL,2023,0.050066349254113296,-0.050066349254113296,0,0
POL,2024,0.05903811208591825,-0.05903811208591825,0,0
PRT,1990,0.0838758313973813,-0.0838758313973813,0,1
PRT,1991,0.0946879118728644,-0.0946879118728644,0,1
PRT,1992,0.09669000957894491,-0.09669000957894491,0,0
PRT,1993,0.07514165710416809,-0.07514165710416809,0,1
PRT,1994,0.0988087052106863,-0.0988087052106863,0,0
PRT,1995,0.10175719095707847,-0.10175719095707847,0,0
PRT,1996,0.10050246865543516,-0.10050246865543516,0,0
PRT,1997,0.08760774391168108,-0.08760774391168108,0,0
PRT,1998,0.07317208520881213,-0.07317208520881213,0,0
PRT,1999,0.07160341775350049,-0.07160341775350049,0,0
PRT,2000,0.05761465009006256,-0.05761465009006256,0,0
PRT,2001,0.06561690556060445,-0.06561690556060445,0,0
PRT,2002,0.07622858485605627,-0.07622858485605627,0,0
PRT,2003,0.0645515393614246,-0.0645515393614246,0,0
PRT,2004,0.08011232671173202,-0.08011232671173202,0,0
PRT,2005,0.07050779393615414,-0.07050779393615414,0,0
PRT,2006,0.05490852736619084,-0.05490852736619084,0,0
PRT,2007,0.06798465364273815,-0.06798465364273815,0,0
PRT,2008,0.04605195744981727,-0.04605195744981727,0,0
PRT,2009,0.020276649894599652,-0.020276649894599652,0,1
PRT,2010,0.049466149191690956,-0.049466149191690956,0,0
PRT,2011,0.033880952039443746,-0.033880952039443746,0,1
PRT,2012,-0.0016023924002298018,0.0016023924002298018,1,1
PRT,2013,0.019576486864786358,-0.019576486864786358,0,1
PRT,2014,0.03163383004931419,-0.03163383004931419,0,1
PRT,2015,0.05525721719425353,-0.05525721719425353,0,0
PRT,2016,0.06351486915235527,-0.06351486915235527,0,0
PRT,2017,0.07650964943894073,-0.07650964943894073,0,0
PRT,2018,0.08274888390239571,-0.08274888390239571,0,0
PRT,2019,0.08411434390411726,-0.08411434390411726,0,0
PRT,2020,-0.004096045445096175,0.004096045445096175,1,1
PRT,2021,0.08018284468654568,-0.08018284468654568,0,0
PRT,2022,0.06370087676167113,-0.06370087676167113,0,0
PRT,2023,0.08697963346230364,-0.08697963346230364,0,0
PRT,2024,0.08825639328630092,-0.08825639328630092,0,0
ROU,1990,-0.12519797082198547,0.12519797082198547,1,1
ROU,1991,-0.11428818805381225,0.11428818805381225,1,1
ROU,1992,-0.09995716225988771,0.09995716225988771,1,1
ROU,1993,-0.0002531779242839205,0.0002531779242839205,1,1
ROU,1994,0.01645168713607692,-0.01645168713607692,0,0
ROU,1995,0.06242656570575056,-0.06242656570575056,0,0
ROU,1996,0.048265569177736056,-0.048265569177736056,0,0
ROU,1997,-0.025936354972745712,0.025936354972745712,1,1
ROU,1998,0.010022382528403595,-0.010022382528403595,0,1
ROU,1999,0.04180704583648481,-0.04180704583648481,0,0
ROU,2000,0.06968852411332566,-0.06968852411332566,0,0
ROU,2001,0.061820392362551546,-0.061820392362551546,0,0
ROU,2002,0.06919740399092406,-0.06919740399092406,0,0
ROU,2003,0.07948884939402762,-0.07948884939402762,0,0
ROU,2004,-0.009308532391628932,0.009308532391628932,1,0
ROU,2005,0.04627203113950351,-0.04627203113950351,0,0
ROU,2006,0.019487802964127943,-0.019487802964127943,0,0
ROU,2007,0.016027948449251372,-0.016027948449251372,0,1
ROU,2008,-0.01573113109075258,0.01573113109075258,1,0
ROU,2009,0.037121719072918447,-0.037121719072918447,0,1
ROU,2010,0.0433013368137265,-0.0433013368137265,0,1
ROU,2011,0.06408619251434766,-0.06408619251434766,0,0
ROU,2012,0.08364745712848165,-0.08364745712848165,0,0
ROU,2013,0.09100300896884478,-0.09100300896884478,0,0
ROU,2014,0.08508599566422681,-0.08508599566422681,0,0
ROU,2015,0.0919650756954597,-0.0919650756954597,0,0
ROU,2016,0.08419961862842135,-0.08419961862842135,0,0
ROU,2017,0.06449401728225512,-0.06449401728225512,0,0
ROU,2018,0.07481279189191081,-0.07481279189191081,0,0
ROU,2019,0.08548016565980449,-0.08548016565980449,0,0
ROU,2020,0.05979181519746751,-0.05979181519746751,0,1
ROU,2021,0.0659623206324021,-0.0659623206324021,0,0
ROU,2022,0.055664649206593864,-0.055664649206593864,0,0
ROU,2023,0.07746021561616862,-0.07746021561616862,0,0
ROU,2024,0.06916889911613111,-0.06916889911613111,0,0
RUS,1990,-0.07213509747157121,0.07213509747157121,1,1
RUS,1991,-0.11905636230035455,0.11905636230035455,1,1
RUS,1992,-0.16032619517511115,0.16032619517511115,1,1
RUS,1993,-0.11282072440309143,0.11282072440309143,1,1
RUS,1994,-0.07867066077996854,0.07867066077996854,1,1
RUS,1995,0.002374139538504849,-0.002374139538504849,0,1
RUS,1996,0.0449545852136396,-0.0449545852136396,0,1
RUS,1997,0.0951573783121174,-0.0951573783121174,0,1
RUS,1998,0.015191246129420799,-0.015191246129420799,0,1
RUS,1999,-0.014943535022652887,0.014943535022652887,1,1
RUS,2000,-0.0194113669099496,0.0194113669099496,1,0
RUS,2001,0.05182518562790678,-0.05182518562790678,0,0
RUS,2002,0.07397081413882467,-0.07397081413882467,0,0
RUS,2003,0.06024603557154906,-0.06024603557154906,0,0
RUS,2004,0.05495169321933252,-0.05495169321933252,0,0
RUS,2005,0.04596042557867852,-0.04596042557867852,0,0
RUS,2006,0.036885751296177216,-0.036885751296177216,0,0
RUS,2007,0.04855936947003775,-0.04855936947003775,0,0
RUS,2008,0.06523723427682232,-0.06523723427682232,0,0
RUS,2009,-0.023105077871866442,0.023105077871866442,1,1
RUS,2010,0.07114565667288497,-0.07114565667288497,0,0
RUS,2011,0.064198971803818,-0.064198971803818,0,0
RUS,2012,0.06872594091207013,-0.06872594091207013,0,0
RUS,2013,0.06699406466930541,-0.06699406466930541,0,0
RUS,2014,0.06803263349184979,-0.06803263349184979,0,0
RUS,2015,0.052766661714267526,-0.052766661714267526,0,0
RUS,2016,0.07172627809297571,-0.07172627809297571,0,0
RUS,2017,0.08116640561477695,-0.08116640561477695,0,0
RUS,2018,0.06628708668255145,-0.06628708668255145,0,0
RUS,2019,0.07258705085227574,-0.07258705085227574,0,0
RUS,2020,0.03711973382405126,-0.03711973382405126,0,1
RUS,2021,0.04505014838032351,-0.04505014838032351,0,0
RUS,2022,-0.0010105369132991093,0.0010105369132991093,1,0
RUS,2023,0.04201736967813474,-0.04201736967813474,0,0
RUS,2024,0.045279449408651806,-0.045279449408651806,0,0
SAU,1990,0.04180287524301701,-0.04180287524301701,0,1
SAU,1991,0.024927464112280695,-0.024927464112280695,0,1
SAU,1992,0.05366333590599004,-0.05366333590599004,0,1
SAU,1993,0.03831035747878142,-0.03831035747878142,0,0
SAU,1994,0.056237205291286396,-0.056237205291286396,0,0
SAU,1995,0.0637085807125855,-0.0637085807125855,0,0
SAU,1996,0.07679706291834221,-0.07679706291834221,0,0
SAU,1997,0.07906602198988943,-0.07906602198988943,0,0
SAU,1998,0.06375964502740439,-0.06375964502740439,0,0
SAU,1999,0.05700029955275554,-0.05700029955275554,0,0
SAU,2000,0.05971130213225301,-0.05971130213225301,0,0
SAU,2001,0.05337057574817322,-0.05337057574817322,0,0
SAU,2002,0.042305225780860045,-0.042305225780860045,0,0
SAU,2003,0.028497622682423285,-0.028497622682423285,0,0
SAU,2004,0.0013725536598648835,-0.0013725536598648835,0,0
SAU,2005,-0.021904754562144135,0.021904754562144135,1,0
SAU,2006,-0.03392647340870392,0.03392647340870392,1,0
SAU,2007,-0.04788048567691938,0.04788048567691938,1,0
SAU,2008,-0.04222627605220042,0.04222627605220042,1,1
SAU,2009,0.005573813362844293,-0.005573813362844293,0,0
SAU,2010,-0.00828607128640918,0.00828607128640918,1,0
SAU,2011,-0.07612318933328655,0.07612318933328655,1,0
SAU,2012,-0.042108022001578704,0.042108022001578704,1,0
SAU,2013,-0.026970800155105557,0.026970800155105557,1,0
SAU,2014,0.007605564809265886,-0.007605564809265886,0,0
SAU,2015,0.027024637143241603,-0.027024637143241603,0,0
SAU,2016,0.05468531062683446,-0.05468531062683446,0,0
SAU,2017,0.07433693591304719,-0.07433693591304719,0,0
SAU,2018,0.05397140143596113,-0.05397140143596113,0,0
SAU,2019,0.06382176557394498,-0.06382176557394498,0,0
SAU,2020,0.005718174921083785,-0.005718174921083785,0,1
SAU,2021,0.0487550892699844,-0.0487550892699844,0,0
SAU,2022,-0.007793489466602688,0.007793489466602688,1,0
SAU,2023,0.05008106788838412,-0.05008106788838412,0,0
SAU,2024,0.06032349389826647,-0.06032349389826647,0,0
SGP,1990,-0.16450971468280384,0.16450971468280384,1,0
SGP,1991,-0.12761215803750514,0.12761215803750514,1,0
SGP,1992,-0.12079961375599713,0.12079961375599713,1,0
SGP,1993,-0.1460218897556822,0.1460218897556822,1,1
SGP,1994,-0.16010664377980377,0.16010664377980377,1,0
SGP,1995,-0.1487263631363792,0.1487263631363792,1,0
SGP,1996,-0.1483662484873991,0.1483662484873991,1,0
SGP,1997,-0.15918533957008774,0.15918533957008774,1,0
SGP,1998,-0.17855543628681814,0.17855543628681814,1,1
SGP,1999,-0.15044739060068246,0.15044739060068246,1,0
SGP,2000,-0.1605498828315396,0.1605498828315396,1,0
SGP,2001,-0.16148734466609993,0.16148734466609993,1,0
SGP,2002,-0.13751921230398456,0.13751921230398456,1,1
SGP,2003,-0.16991947850235,0.16991947850235,1,1
SGP,2004,-0.17639862933497819,0.17639862933497819,1,1
SGP,2005,-0.17291399072866764,0.17291399072866764,1,1
SGP,2006,-0.19537330634007088,0.19537330634007088,1,0
SGP,2007,-0.19453064485453564,0.19453064485453564,1,0
SGP,2008,-0.1655464716734315,0.1655464716734315,1,1
SGP,2009,-0.16376019222418536,0.16376019222418536,1,1
SGP,2010,-0.2123829076856828,0.2123829076856828,1,0
SGP,2011,-0.16890090213904108,0.16890090213904108,1,0
SGP,2012,-0.157088998280405,0.157088998280405,1,0
SGP,2013,-0.15940281553307156,0.15940281553307156,1,0
SGP,2014,-0.16048694999899227,0.16048694999899227,1,0
SGP,2015,-0.1402349644416473,0.1402349644416473,1,0
SGP,2016,-0.12871267867309988,0.12871267867309988,1,0
SGP,2017,-0.1578438935346762,0.1578438935346762,1,0
SGP,2018,-0.14048317562329304,0.14048317562329304,1,0
SGP,2019,-0.15864070951354825,0.15864070951354825,1,0
SGP,2020,-0.1757895578417782,0.1757895578417782,1,1
SGP,2021,-0.1921867278957563,0.1921867278957563,1,0
SGP,2022,-0.1630915482699039,0.1630915482699039,1,1
SGP,2023,-0.1600014331184244,0.1600014331184244,1,0
SGP,2024,-0.15116260597545572,0.15116260597545572,1,0
SWE,1990,0.08791112324779288,-0.08791112324779288,0,1
SWE,1991,0.08324894981508174,-0.08324894981508174,0,1
SWE,1992,0.08559542913699308,-0.08559542913699308,0,1
SWE,1993,0.0709073387159011,-0.0709073387159011,0,1
SWE,1994,0.0971839126311751,-0.0971839126311751,0,0
SWE,1995,0.08934892834777208,-0.08934892834777208,0,0
SWE,1996,0.09210257240062508,-0.09210257240062508,0,0
SWE,1997,0.08869033094311413,-0.08869033094311413,0,1
SWE,1998,0.07659040181531879,-0.07659040181531879,0,0
SWE,1999,0.04885908368167624,-0.04885908368167624,0,0
SWE,2000,0.07779047727793087,-0.07779047727793087,0,0
SWE,2001,0.07906322724176712,-0.07906322724176712,0,0
SWE,2002,0.08867633822563392,-0.08867633822563392,0,0
SWE,2003,0.09563854135829841,-0.09563854135829841,0,0
SWE,2004,0.08804167285044501,-0.08804167285044501,0,0
SWE,2005,0.08708051772300907,-0.08708051772300907,0,0
SWE,2006,0.0747771417878127,-0.0747771417878127,0,0
SWE,2007,0.07076118000808995,-0.07076118000808995,0,0
SWE,2008,0.05085989507399302,-0.05085989507399302,0,0
SWE,2009,0.0443013568122852,-0.0443013568122852,0,1
SWE,2010,0.07443299738905473,-0.07443299738905473,0,0
SWE,2011,0.08937406433619327,-0.08937406433619327,0,0
SWE,2012,0.0744825254648887,-0.0744825254648887,0,0
SWE,2013,0.09079890232454918,-0.09079890232454918,0,0
SWE,2014,0.08599411370984289,-0.08599411370984289,0,0
SWE,2015,0.09321686984054361,-0.09321686984054361,0,0
SWE,2016,0.09379909748926718,-0.09379909748926718,0,0
SWE,2017,0.09363797802484841,-0.09363797802484841,0,0
SWE,2018,0.09237318393062344,-0.09237318393062344,0,0
SWE,2019,0.08556456675165702,-0.08556456675165702,0,0
SWE,2020,0.05927334849624677,-0.05927334849624677,0,0
SWE,2021,0.06493818329388273,-0.06493818329388273,0,0
SWE,2022,0.05587552267434254,-0.05587552267434254,0,1
SWE,2023,0.06248017315104942,-0.06248017315104942,0,1
SWE,2024,0.06717768417273345,-0.06717768417273345,0,0
THA,1990,-0.03840638053120676,0.03840638053120676,1,1
THA,1991,-0.014661088266857414,0.014661088266857414,1,1
THA,1992,0.007351709697121067,-0.007351709697121067,0,0
THA,1993,0.015084744615259549,-0.015084744615259549,0,0
THA,1994,0.003694673435390039,-0.003694673435390039,0,0
THA,1995,-0.013365408686352942,0.013365408686352942,1,0
THA,1996,-0.0016233327644158413,0.0016233327644158413,1,0
THA,1997,-0.00243691846842109,0.00243691846842109,1,1
THA,1998,-0.05859411985482821,0.05859411985482821,1,1
THA,1999,0.025374873407270293,-0.025374873407270293,0,1
THA,2000,0.03887733293565715,-0.03887733293565715,0,0
THA,2001,0.04727930519849943,-0.04727930519849943,0,1
THA,2002,0.03325763332668796,-0.03325763332668796,0,0
THA,2003,0.026814495211857303,-0.026814495211857303,0,0
THA,2004,0.026898693530320872,-0.026898693530320872,0,0
THA,2005,0.011349163088077707,-0.011349163088077707,0,0
THA,2006,0.02233917585629469,-0.02233917585629469,0,0
THA,2007,0.015902382862748254,-0.015902382862748254,0,0
THA,2008,0.010680032239345383,-0.010680032239345383,0,0
THA,2009,-0.0022140383887114257,0.0022140383887114257,1,0
THA,2010,-0.005331956445247865,0.005331956445247865,1,0
THA,2011,0.008362771713569028,-0.008362771713569028,0,0
THA,2012,0.005430261733963659,-0.005430261733963659,0,0
THA,2013,0.02838932983598963,-0.02838932983598963,0,0
THA,2014,0.029683422048827512,-0.029683422048827512,0,0
THA,2015,0.025710702234455762,-0.025710702234455762,0,0
THA,2016,0.010294977270785266,-0.010294977270785266,0,0
THA,2017,0.01476640232015114,-0.01476640232015114,0,0
THA,2018,0.032852522965491626,-0.032852522965491626,0,0
THA,2019,0.03605320597649425,-0.03605320597649425,0,0
THA,2020,-0.02161104325756219,0.02161104325756219,1,1
THA,2021,0.031044245564315454,-0.031044245564315454,0,0
THA,2022,0.023641739563475206,-0.023641739563475206,0,0
THA,2023,0.03101971434927525,-0.03101971434927525,0,1
THA,2024,0.03470982636829972,-0.03470982636829972,0,0
TUR,1990,0.02663298031539757,-0.02663298031539757,0,0
TUR,1991,0.04722969620526579,-0.04722969620526579,0,0
TUR,1992,0.05670925043314534,-0.05670925043314534,0,0
TUR,1993,0.0377650421807012,-0.0377650421807012,0,0
TUR,1994,-0.0050085720039591,0.0050085720039591,1,1
TUR,1995,0.024900696924531507,-0.024900696924531507,0,0
TUR,1996,0.04009183969925284,-0.04009183969925284,0,0
TUR,1997,0.04140574603461589,-0.04140574603461589,0,0
TUR,1998,0.05861402474194777,-0.05861402474194777,0,0
TUR,1999,0.033809524582885,-0.033809524582885,0,1
TUR,2000,0.06770444507067896,-0.06770444507067896,0,0
TUR,2001,0.021520576461210472,-0.021520576461210472,0,1
TUR,2002,0.07127926104106957,-0.07127926104106957,0,0
TUR,2003,0.08393582721325143,-0.08393582721325143,0,0
TUR,2004,0.05836771996889556,-0.05836771996889556,0,0
TUR,2005,0.05717233497953539,-0.05717233497953539,0,0
TUR,2006,0.06952336937015158,-0.06952336937015158,0,0
TUR,2007,0.07431388062413208,-0.07431388062413208,0,0
TUR,2008,0.07365696235110364,-0.07365696235110364,0,0
TUR,2009,0.03428893396229293,-0.03428893396229293,0,1
TUR,2010,0.059856665121232555,-0.059856665121232555,0,0
TUR,2011,0.007556865129702828,-0.007556865129702828,0,1
TUR,2012,0.08447565706128507,-0.08447565706128507,0,0
TUR,2013,0.05313668223333223,-0.05313668223333223,0,0
TUR,2014,0.08530634446120927,-0.08530634446120927,0,0
TUR,2015,0.081037156954887,-0.081037156954887,0,0
TUR,2016,0.08741202634640377,-0.08741202634640377,0,0
TUR,2017,0.05036378223653459,-0.05036378223653459,0,0
TUR,2018,0.07450759868267931,-0.07450759868267931,0,0
TUR,2019,0.06023748944538415,-0.06023748944538415,0,1
TUR,2020,0.04990604028977158,-0.04990604028977158,0,1
TUR,2021,-0.013119766199379768,0.013119766199379768,1,0
TUR,2022,-0.011506832697269043,0.011506832697269043,1,0
TUR,2023,0.02662431229926293,-0.02662431229926293,0,0
TUR,2024,0.05402098509303788,-0.05402098509303788,0,0
USA,1990,0.06591355493474726,-0.06591355493474726,0,0
USA,1991,0.05506680149012755,-0.05506680149012755,0,0
USA,1992,0.0695209963239799,-0.0695209963239799,0,0
USA,1993,0.06720177824552448,-0.06720177824552448,0,0
USA,1994,0.06958466671721353,-0.06958466671721353,0,0
USA,1995,0.07533381700755792,-0.07533381700755792,0,0
USA,1996,0.07837251323665723,-0.07837251323665723,0,0
USA,1997,0.0780604119628932,-0.0780604119628932,0,0
USA,1998,0.0730230174819883,-0.0730230174819883,0,0
USA,1999,0.0722752193707411,-0.0722752193707411,0,0
USA,2000,0.07285300261659011,-0.07285300261659011,0,0
USA,2001,0.07074356363466283,-0.07074356363466283,0,0
USA,2002,0.07068629417023231,-0.07068629417023231,0,0
USA,2003,0.07005756796214307,-0.07005756796214307,0,0
USA,2004,0.0656112205107201,-0.0656112205107201,0,0
USA,2005,0.06475559825156751,-0.06475559825156751,0,0
USA,2006,0.06685253545293363,-0.06685253545293363,0,1
USA,2007,0.06103112539193134,-0.06103112539193134,0,0
USA,2008,0.04956645716487823,-0.04956645716487823,0,0
USA,2009,-0.00013269234255169904,0.00013269234255169904,1,1
USA,2010,0.04550836650357715,-0.04550836650357715,0,1
USA,2011,0.04179205282646031,-0.04179205282646031,0,1
USA,2012,0.046777381122546036,-0.046777381122546036,0,0
USA,2013,0.06294786467672159,-0.06294786467672159,0,0
USA,2014,0.06514411715778184,-0.06514411715778184,0,0
USA,2015,0.059612007659686495,-0.059612007659686495,0,0
USA,2016,0.05248778173505181,-0.05248778173505181,0,0
USA,2017,0.05856415450012564,-0.05856415450012564,0,0
USA,2018,0.055730318575684834,-0.055730318575684834,0,0
USA,2019,0.038888369844135795,-0.038888369844135795,0,0
USA,2020,-0.003888196362937524,0.003888196362937524,1,1
USA,2021,0.008557607401073142,-0.008557607401073142,0,0
USA,2022,0.029841258055056052,-0.029841258055056052,0,1
USA,2023,0.022081768670088764,-0.022081768670088764,0,0
USA,2024,0.018445711632148698,-0.018445711632148698,0,0
VNM,1990,0.014243698922076553,-0.014243698922076553,0,0
VNM,1991,0.0003703888518593601,-0.0003703888518593601,0,0
VNM,1992,-0.024437771618388615,0.024437771618388615,1,0
VNM,1993,-0.027773889118475226,0.027773889118475226,1,0
VNM,1994,-0.05127092453765758,0.05127092453765758,1,0
VNM,1995,-0.05158450466801229,0.05158450466801229,1,0
VNM,1996,-0.06214006591104515,0.06214006591104515,1,0
VNM,1997,-0.037167168830056385,0.037167168830056385,1,1
VNM,1998,-0.02305384875163502,0.02305384875163502,1,0
VNM,1999,-0.005024113119662665,0.005024113119662665,1,0
VNM,2000,-0.02771027710982249,0.02771027710982249,1,0
VNM,2001,-0.022120855177203358,0.022120855177203358,1,1
VNM,2002,-0.03528623066609199,0.03528623066609199,1,0
VNM,2003,-0.04847456273738149,0.04847456273738149,1,0
VNM,2004,-0.05630762904507358,0.05630762904507358,1,0
VNM,2005,-0.046686108909769264,0.046686108909769264,1,0
VNM,2006,-0.04789893700370318,0.04789893700370318,1,0
VNM,2007,-0.11392886503240907,0.11392886503240907,1,0
VNM,2008,-0.11704326487630712,0.11704326487630712,1,1
VNM,2009,-0.07679209471663684,0.07679209471663684,1,0
VNM,2010,-0.06693440940810313,0.06693440940810313,1,0
VNM,2011,-0.07866762725412235,0.07866762725412235,1,1
VNM,2012,-0.06183766239279753,0.06183766239279753,1,0
VNM,2013,-0.056912065566802506,0.056912065566802506,1,0
VNM,2014,-0.059795827118327094,0.059795827118327094,1,0
VNM,2015,-0.07415184172710343,0.07415184172710343,1,0
VNM,2016,-0.06809422606224358,0.06809422606224358,1,0
VNM,2017,-0.08913260459696226,0.08913260459696226,1,0
VNM,2018,-0.09746355530403206,0.09746355530403206,1,0
VNM,2019,-0.0995155116506824,0.0995155116506824,1,0
VNM,2020,-0.0855776847919929,0.0855776847919929,1,0
VNM,2021,-0.1183650711975277,0.1183650711975277,1,0
VNM,2022,-0.1303894112988292,0.1303894112988292,1,0
VNM,2023,-0.09433102842198371,0.09433102842198371,1,0
VNM,2024,-0.10252520953323307,0.10252520953323307,1,0
ZAF,1990,-0.01894077460849758,0.01894077460849758,1,1
ZAF,1991,-0.015924488013431604,0.015924488013431604,1,1
ZAF,1992,-0.034204966008814564,0.034204966008814564,1,1
ZAF,1993,-0.01622244349955204,0.01622244349955204,1,0
ZAF,1994,0.012590475296347547,-0.012590475296347547,0,0
ZAF,1995,0.03203853862751005,-0.03203853862751005,0,0
ZAF,1996,0.02469118728808123,-0.02469118728808123,0,0
ZAF,1997,0.02437714555996906,-0.02437714555996906,0,0
ZAF,1998,0.01508669384114042,-0.01508669384114042,0,0
ZAF,1999,0.026709853057489297,-0.026709853057489297,0,0
ZAF,2000,0.02088474882223329,-0.02088474882223329,0,0
ZAF,2001,0.012688360354923323,-0.012688360354923323,0,0
ZAF,2002,0.03251657038226041,-0.03251657038226041,0,0
ZAF,2003,0.03728964198769491,-0.03728964198769491,0,0
ZAF,2004,0.028022160483400504,-0.028022160483400504,0,0
ZAF,2005,0.034851474498441726,-0.034851474498441726,0,0
ZAF,2006,0.03243071405976633,-0.03243071405976633,0,0
ZAF,2007,0.04221055443989308,-0.04221055443989308,0,0
ZAF,2008,0.03536056790340619,-0.03536056790340619,0,0
ZAF,2009,0.02590381545898396,-0.02590381545898396,0,0
ZAF,2010,0.034671271645689505,-0.034671271645689505,0,0
ZAF,2011,0.029710575955623375,-0.029710575955623375,0,0
ZAF,2012,0.017467731833266553,-0.017467731833266553,0,0
ZAF,2013,0.012567051755764946,-0.012567051755764946,0,0
ZAF,2014,0.013206675000867862,-0.013206675000867862,0,0
ZAF,2015,0.0102489635233034,-0.0102489635233034,0,0
ZAF,2016,0.012112238341695225,-0.012112238341695225,0,0
ZAF,2017,0.007942504309552845,-0.007942504309552845,0,0
ZAF,2018,0.011710241367870466,-0.011710241367870466,0,0
ZAF,2019,0.006022591810146138,-0.006022591810146138,0,0
ZAF,2020,-0.06207559026082721,0.06207559026082721,1,1
ZAF,2021,-0.022471582674770008,0.022471582674770008,1,1
ZAF,2022,0.0025607226416093365,-0.0025607226416093365,0,1
ZAF,2023,1.1599936214190532e-05,-1.1599936214190532e-05,0,1
ZAF,2024,-0.008920563615785804,0.008920563615785804,1,1
